Question,Answer,Topic,Tags
What is the primary difference between PostgreSQL and EDB Postgres Advanced Server (EPAS)?,"<b>ANSWER:</b> EDB Postgres Advanced Server (EPAS) adds enterprise-level features on top of open-source PostgreSQL.<br><br><b>Key Additions:</b><br>• <b>Oracle Compatibility:</b> Native support for Oracle PL/SQL, packages, and data types.<br>• <b>Additional Security:</b> SQL injection protection, data redaction, password policies.<br>• <b>DBA Productivity:</b> Wait diagnostics, CPU/IO throttling at the process level.",EDB Postgres Essentials,edb_postgres intro architecture
What are the General Database Limits in PostgreSQL?,<b>ANSWER:</b> The absolute maximum sizes for database objects.<br><br>• <b>Maximum Database Size:</b> Unlimited<br>• <b>Maximum Table Size:</b> 32 TB<br>• <b>Maximum Row Size:</b> 1.6 TB<br>• <b>Maximum Field Size:</b> 1 GB<br>• <b>Maximum Rows/Indexes per Table:</b> Unlimited,EDB Postgres Essentials,edb_postgres limits architecture
"Translate these common Industry Database Terms into Postgres Terminology: Table, Row, Column, Data Block.",<b>ANSWER:</b> Postgres uses academic terminology from its early development.<br><br>• <b>Table</b> = Relation<br>• <b>Row</b> = Tuple<br>• <b>Column</b> = Attribute<br>• <b>Data Block</b> = Page (when on disk) or Buffer (when in memory),EDB Postgres Essentials,edb_postgres terminology basics
What is the role of the 'Postmaster' process in Postgres?,"<b>ANSWER:</b> It is the master supervisor process.<br><br><b>Key Roles:</b><br>1. Listens on a single TCP port (default 5432, EDB default 5444) for incoming client connections.<br>2. Spawns a dedicated 'user backend process' for each new client session.<br>3. Starts and restarts utility/background processes if they crash.",Postgres Architecture,edb_postgres architecture postmaster
What is a 'User Backend Process' in Postgres?,"<b>ANSWER:</b> A dedicated process spawned by the Postmaster for a single client connection.<br><br>Because Postgres uses a <b>Process per connection</b> model (not threads), every active connection gets its own dedicated OS process that handles query parsing, planning, and execution, utilizing its own `work_mem`.",Postgres Architecture,edb_postgres architecture process
Name the 4 primary Postgres Utility Processes and their functions.,"<b>ANSWER:</b> The core background workers that keep the database running.<br><br>1. <b>Background Writer (BGWRITER):</b> Slowly writes dirty data blocks to disk to ensure adequate supply of clean buffers.<br>2. <b>WAL Writer:</b> Flushes Write-Ahead Log buffers to disk (crucial for durability).<br>3. <b>Checkpointer:</b> Performs full checkpoints, syncing all dirty buffers to disk.<br>4. <b>Autovacuum:</b> Recovers free space from dead tuples (rows) for reuse.",Postgres Architecture,edb_postgres architecture utility
What happens during a COMMIT versus a CHECKPOINT in Postgres?,<b>ANSWER:</b> Logging vs Syncing Data.<br><br>• <b>COMMIT:</b> Only the <b>WAL buffers</b> are written to the disk (Write-Ahead Log file) so the transaction is permanent. The actual data pages remain in Shared Buffers (memory).<br>• <b>CHECKPOINT:</b> The <b>Modified Data Pages</b> are physically written from Shared Buffers to the actual database data files on disk.,Postgres Architecture,edb_postgres architecture checkpoint commit
How does Postgres structure physical files on disk for Tables and Indexes?,"<b>ANSWER:</b> File-per-table structure.<br><br>Each relation (table or index) gets one or more files in the data directory. When a file reaches <b>1 GB</b>, a new file segment is created. The filename corresponds to the table's `pg_class.relfilenode` ID.",Postgres Architecture,edb_postgres architecture storage files
Explain the default Page Layout structure in Postgres.,<b>ANSWER:</b> The anatomy of an 8KB Data Page.<br><br>1. <b>Page Header:</b> 24 bytes of general info and free space pointers.<br>2. <b>Item Pointers (Row/Index pointers):</b> Array of offset/length pairs pointing to tuples. Grows from the <b>front</b>.<br>3. <b>Free Space:</b> Empty space in the middle.<br>4. <b>Tuples (Actual Data):</b> The physical row data. Grows from the <b>rear</b>.,Postgres Architecture,edb_postgres architecture storage page
What is the default OS user for installing EDB Postgres Advanced Server on Linux?,"<b>ANSWER:</b> `enterprisedb`<br><br>Unlike community PostgreSQL which uses the `postgres` user, EDB Advanced Server creates and uses the `enterprisedb` user account. This user must own the data directory.",EDB Postgres Installation,edb_postgres installation linux
What is the role of `postgresql.conf`?,"<b>ANSWER:</b> The main configuration file for the Postgres database cluster.<br><br>It contains all the core parameters like `shared_buffers`, `work_mem`, `max_connections`, and logging settings. Changes require either a server reload (`SELECT pg_reload_conf();`) or a full restart depending on the parameter.",Postgres Configuration,edb_postgres config postgresql_conf
What is `pg_hba.conf` used for?,"<b>ANSWER:</b> Host-Based Authentication configuration.<br><br>It acts as the firewall/bouncer for Postgres. It determines which IP addresses/subnets can connect, to which databases, using which user roles, and what authentication method (e.g., `md5`, `scram-sha-256`, `peer`, `cert`) they must use.",Postgres Configuration,edb_postgres config security pg_hba
What does the `listen_addresses` parameter do?,<b>ANSWER:</b> Determines which network interfaces Postgres listens on.<br><br>• `localhost` (default): Only local connections allowed.<br>• `*`: Listens on all available IP interfaces.<br>Requires a database restart to take effect.,Postgres Configuration,edb_postgres config network
Explain the `shared_buffers` parameter.,"<b>ANSWER:</b> The amount of memory dedicated for caching data blocks (pages).<br><br><b>Rule of Thumb:</b> Typically set to 25% of total system RAM. It is where Postgres stores recently accessed data to avoid slow disk I/O. If a page isn't in `shared_buffers`, Postgres relies on the OS page cache.",Postgres Configuration,edb_postgres config memory tuning
What is `work_mem` and why is it dangerous to set it too high?,"<b>ANSWER:</b> Memory used for sorting (ORDER BY) and hashing (hash joins) operations.<br><br><b>The Danger:</b> It is allocated <i>per operation</i>, not globally. If `work_mem` is 100MB, and a complex query has 5 sort operations, that single query uses 500MB. If 100 users run it, it consumes 50GB, leading to Out Of Memory (OOM) crashes.",Postgres Configuration,edb_postgres config memory tuning
What does `maintenance_work_mem` control?,"<b>ANSWER:</b> Memory used for maintenance operations like `VACUUM`, `CREATE INDEX`, and `ALTER TABLE`.<br><br>Since these are executed less frequently and usually by DBAs, this can be set much higher than `work_mem` (e.g., 1GB - 2GB) to speed up index creation and vacuuming.",Postgres Configuration,edb_postgres config memory vacuum
How do you reload configuration changes without restarting the database?,<b>ANSWER:</b> Using the SQL function or system command.<br><br><b>SQL:</b><br><code>SELECT pg_reload_conf();</code><br><br><b>Linux OS:</b><br><code>systemctl reload postgresql-15</code> or <code>pg_ctl reload -D /path/to/data</code>,Postgres Configuration,edb_postgres config admin commands
What is the difference between `postgresql.conf` and `postgresql.auto.conf`?,<b>ANSWER:</b> Manual vs ALTER SYSTEM.<br><br>• `postgresql.conf`: Edited manually by the DBA.<br>• `postgresql.auto.conf`: Edited automatically when a DBA runs the SQL command <code>ALTER SYSTEM SET param = value;</code>. It always overrides the manual `postgresql.conf`.,Postgres Configuration,edb_postgres config admin
What is a 'Database Cluster' in Postgres?,"<b>ANSWER:</b> A single instance of a running database server managing multiple databases.<br><br>Unlike standard English where 'cluster' means multiple servers, in Postgres, it means one server process managing a single data directory (`PGDATA`) that holds multiple independent databases (e.g., HR_db, Sales_db).",Storage & Clusters,edb_postgres architecture cluster
What is the role of `initdb`?,"<b>ANSWER:</b> It initializes a brand new Postgres Database Cluster.<br><br>It creates the base directory structure, system catalogs, the default `postgres` database, the WAL directories, and the initial configuration files (`postgresql.conf`, `pg_hba.conf`).",Storage & Clusters,edb_postgres installation initdb
What is a 'Tablespace' in Postgres?,"<b>ANSWER:</b> A named location (folder on disk) where database objects can be stored.<br><br><b>Use Case:</b> You have a fast, expensive NVMe SSD, and a slow, cheap HDD. You create a Tablespace pointing to the SSD for hot indexes, and a Tablespace pointing to the HDD for old archive tables.",Storage & Clusters,edb_postgres architecture tablespace
How do you create a tablespace in Postgres?,<b>ANSWER:</b> Provide a name and an absolute directory path.<br><br><b>The Code:</b><br><code>CREATE TABLESPACE fast_ssd LOCATION '/mnt/ssd1/pg_data';</code><br><br>The OS user (`postgres` or `enterprisedb`) must have read/write permissions on that directory.,Storage & Clusters,edb_postgres tablespace sql
What are System Catalogs?,"<b>ANSWER:</b> The Postgres Data Dictionary (Metadata).<br><br>They are regular relational tables that store information about tables, columns, indexes, roles, and privileges. They begin with `pg_` (e.g., `pg_class`, `pg_attribute`, `pg_roles`).",Storage & Clusters,edb_postgres catalogs metadata
What does the `pg_class` catalog store?,"<b>ANSWER:</b> Information about all relation-like objects.<br><br>It tracks tables, indexes, sequences, and views. Crucial columns include `relname` (the name), `relpages` (size in pages), and `reltuples` (estimated number of rows).",Storage & Clusters,edb_postgres catalogs tables
What is the `OID` in Postgres storage?,"<b>ANSWER:</b> Object Identifier.<br><br>Every database, table, and index has a unique internal integer ID. Under the hood, Postgres doesn't name files `users_table.db`, it names them with their OID (e.g., `/base/16384/24567`), where 16384 is the Database OID and 24567 is the Table OID.",Storage & Clusters,edb_postgres storage oid
What is a Role in Postgres?,<b>ANSWER:</b> A User or a Group.<br><br>Postgres doesn't strictly distinguish between 'Users' and 'Groups'. A Role can log in (User) or simply act as a container for privileges (Group).<br><code>CREATE ROLE analyst LOGIN PASSWORD '123';</code>,Database Security,edb_postgres security roles
How do you grant Read-Only access to a table?,<b>ANSWER:</b> Using the GRANT command.<br><br><b>The Code:</b><br><code>GRANT SELECT ON TABLE users TO analyst;</code><br><br>To grant read access to ALL tables in a schema:<br><code>GRANT SELECT ON ALL TABLES IN SCHEMA public TO analyst;</code>,Database Security,edb_postgres security privileges
What is Row-Level Security (RLS)?,<b>ANSWER:</b> Restricting access to specific rows based on the user's role.<br><br><b>Example:</b> A manager can only `SELECT` rows in the `Sales` table where `region = 'North'`.<br>You enable it via <code>ALTER TABLE Sales ENABLE ROW LEVEL SECURITY;</code> and then define a `CREATE POLICY`.,Database Security,edb_postgres security rls
What is the `pg_stat_statements` extension used for?,"<b>ANSWER:</b> Tracking query performance statistics.<br><br>It records how many times a specific SQL query was executed, total execution time, min/max times, and memory used. It is the #1 tool for finding the slowest queries dragging down the database.",Monitoring & Admin,edb_postgres monitoring tuning
How do you find long-running queries currently executing?,"<b>ANSWER:</b> Query the `pg_stat_activity` view.<br><br><b>The Code:</b><br><code>SELECT pid, usename, state, query, now() - query_start AS duration <br>FROM pg_stat_activity <br>WHERE state = 'active' <br>AND now() - query_start > interval '5 minutes';</code>",Monitoring & Admin,edb_postgres monitoring queries
What are the three main approaches to backing up a Postgres database?,"<b>ANSWER:</b> SQL Dump, File System Level Backup, and Continuous Archiving (PITR).<br><br>1. <b>SQL Dump (pg_dump):</b> Logical backup creating SQL statements to recreate data.<br>2. <b>File System Backup:</b> Stopping the DB and copying the raw data files.<br>3. <b>Continuous Archiving / PITR:</b> Taking a base backup and archiving WAL files to allow restoring to any specific second in time.",Backup & Recovery,edb_postgres backup types
What is `pg_dump`?,<b>ANSWER:</b> A utility for Logical Backups.<br><br>It extracts a Postgres database into a script file or archive file. It does <b>not</b> block other users from reading or writing to the database while it runs.,Backup & Recovery,edb_postgres backup pg_dump
How do you backup ALL databases on a Postgres server at once?,"<b>ANSWER:</b> Use the `pg_dumpall` utility.<br><br><b>The Code:</b><br><code>pg_dumpall -U postgres > all_dbs_backup.sql</code><br><br>Unlike `pg_dump` which targets one DB, `pg_dumpall` grabs everything, including global objects like Roles and Tablespaces.",Backup & Recovery,edb_postgres backup pg_dumpall
What is WAL Archiving?,"<b>ANSWER:</b> Saving old Write-Ahead Logs before they are overwritten.<br><br>By default, Postgres recycles old WAL files. If you enable `archive_mode = on` and set an `archive_command` (e.g., copying the WAL to a remote server or S3), you can keep a permanent record of all transactions.",Backup & Recovery,edb_postgres backup wal archiving
What is PITR (Point-in-Time Recovery)?,"<b>ANSWER:</b> Restoring a database to a specific moment in time (e.g., right before someone accidentally dropped a table).<br><br><b>How it works:</b> You restore a physical Base Backup, then Postgres replays the Archived WAL files sequentially, and you tell it to stop at a specific timestamp using `recovery_target_time`.",Backup & Recovery,edb_postgres backup pitr
What does `pg_basebackup` do?,<b>ANSWER:</b> Takes a physical backup of a running database cluster.<br><br>It connects via the replication protocol and safely copies the raw binary files (`$PGDATA`) without needing to shut down the server. This forms the starting point for PITR or setting up a Replica.,Backup & Recovery,edb_postgres backup pg_basebackup
What is Streaming Replication in Postgres?,<b>ANSWER:</b> Asynchronous Physical Replication.<br><br>The Primary server continuously streams its WAL records over a network connection to one or more Standby servers. The Standbys apply these records to physically match the Primary.,Replication & HA,edb_postgres replication streaming
What is a 'Replication Slot'?,"<b>ANSWER:</b> A safety mechanism to prevent the Primary from deleting WAL files before the Standby has received them.<br><br>Without a slot, if the Standby disconnects, the Primary might overwrite old WALs, breaking the replication permanently. With a slot, the Primary holds onto the WALs (consuming disk space) until the Standby reconnects.",Replication & HA,edb_postgres replication slots
What is the difference between Physical and Logical Replication?,"<b>ANSWER:</b> Byte-for-byte copy vs SQL-statement copy.<br><br>• <b>Physical (Streaming):</b> Copies exact disk blocks. Standby is 100% identical and Read-Only.<br>• <b>Logical:</b> Replicates actual table data changes (Inserts/Updates). Allows replicating a single table, replicating between different Postgres versions, and the replica can still accept writes to other tables.",Replication & HA,edb_postgres replication physical logical
How do you check replication lag on the Primary server?,"<b>ANSWER:</b> Query the `pg_stat_replication` view.<br><br><b>The Code:</b><br><code>SELECT client_addr, state, sent_lsn, write_lsn, replay_lsn <br>FROM pg_stat_replication;</code><br><br>You compare the Primary's WAL location (`sent_lsn`) against the Standby's location (`replay_lsn`).",Replication & HA,edb_postgres replication lag monitoring
What is Synchronous Replication?,"<b>ANSWER:</b> Zero Data Loss guarantees.<br><br>Configured via `synchronous_commit = on` and `synchronous_standby_names`. The Primary will <b>pause</b> the client's COMMIT request until the Standby acknowledges it has received and written the WAL. <b>Risk:</b> If the Standby goes offline, the Primary hangs and stops accepting writes.",Replication & HA,edb_postgres replication synchronous
What does the `VACUUM` command do?,"<b>ANSWER:</b> Reclaims storage occupied by dead tuples.<br><br>In Postgres (due to MVCC), updating or deleting a row doesn't remove it physically; it marks it as dead. `VACUUM` scans tables to find these dead rows and marks their disk space as available for future inserts.",Routine Maintenance,edb_postgres maintenance vacuum
What is `VACUUM FULL` and why should you avoid it in production?,"<b>ANSWER:</b> It completely rebuilds the table to return disk space to the OS.<br><br><b>The Danger:</b> It requires an exclusive lock (blocking ALL reads and writes) and creates a brand new copy of the table, requiring double the disk space temporarily. Standard `VACUUM` is preferred.",Routine Maintenance,edb_postgres maintenance vacuum full
What does the `ANALYZE` command do?,"<b>ANSWER:</b> Updates table statistics for the Query Planner.<br><br>It samples data in tables (e.g., most common values, distribution) and stores it in `pg_statistic`. The Query Planner uses this to decide whether to use an Index Scan or a Sequential Scan.",Routine Maintenance,edb_postgres maintenance analyze planner
What is the Autovacuum Daemon?,"<b>ANSWER:</b> A background process that automatically runs `VACUUM` and `ANALYZE`.<br><br>It wakes up periodically, checks `pg_stat_all_tables` for tables with lots of dead tuples or changes, and automatically vacuums them. It is highly recommended to leave this ON in production.",Routine Maintenance,edb_postgres maintenance autovacuum
How do you rebuild a corrupted or bloated index?,"<b>ANSWER:</b> Using `REINDEX`.<br><br><b>The Code:</b><br><code>REINDEX INDEX my_index_name;</code><br>Or rebuild all indexes on a table:<br><code>REINDEX TABLE my_table;</code><br>Note: In PG12+, use `REINDEX CONCURRENTLY` to avoid blocking writes.",Routine Maintenance,edb_postgres maintenance reindex
What is Transaction ID (XID) Wraparound?,"<b>ANSWER:</b> A catastrophic failure caused by not vacuuming.<br><br>Postgres assigns an integer ID to every transaction. The max is 2 billion. Once it hits 2 billion, it 'wraps around' to 0. If old rows aren't 'frozen' via VACUUM before this happens, Postgres suddenly thinks old rows belong to the future and hides them, resulting in massive data loss. The database will shut down to prevent this if vacuum is ignored.",Postgres Architecture,edb_postgres architecture vacuum xid
What is an Index-Only Scan?,"<b>ANSWER:</b> A performance optimization where the query planner gets all requested data directly from the Index, without visiting the Table.<br><br>Example: If you have an index on `(id, email)` and you run `SELECT email FROM users WHERE id = 5;`, it doesn't need to read the table. The Visibility Map must indicate the page is fully visible.",SQL Tuning,edb_postgres tuning indexes scan
What is a Sequential Scan (Seq Scan)?,"<b>ANSWER:</b> Scanning the entire table from top to bottom.<br><br>Usually happens when there is no index, or the query planner decides the query will fetch a huge percentage of the table anyway (so reading the table directly is faster than bouncing between the index and table).",SQL Tuning,edb_postgres tuning scan sequential
How do you view the execution plan of a query?,<b>ANSWER:</b> Use the `EXPLAIN` command.<br><br><b>The Code:</b><br><code>EXPLAIN SELECT * FROM users WHERE age > 30;</code><br><br>Use `EXPLAIN ANALYZE` to actually execute the query and show the real execution times versus the estimates.,SQL Tuning,edb_postgres sql tuning explain
What is a Common Table Expression (CTE)?,"<b>ANSWER:</b> A temporary result set that you can reference within another SQL statement.<br><br><b>The Code:</b><br><code>WITH regional_sales AS (<br>  SELECT region, SUM(amount) as total_sales FROM orders GROUP BY region<br>)<br>SELECT * FROM regional_sales WHERE total_sales > 10000;</code><br><br>It makes complex queries much more readable compared to nested subqueries.",Advanced SQL,edb_postgres sql cte
What is a Window Function in SQL?,"<b>ANSWER:</b> A function that performs a calculation across a set of table rows that are somehow related to the current row, <i>without</i> grouping them into a single output row.<br><br><b>Example:</b><br><code>SELECT name, salary, AVG(salary) OVER (PARTITION BY department) FROM employees;</code><br>This shows each employee's salary alongside the average salary of their department.",Advanced SQL,edb_postgres sql window_function
What is the difference between `UNION` and `UNION ALL`?,<b>ANSWER:</b> Duplicates.<br><br>• <b>`UNION`</b>: Combines the result sets of two queries and <b>removes</b> duplicate rows. It requires a sort operation (which is slow).<br>• <b>`UNION ALL`</b>: Combines the result sets and <b>keeps</b> duplicates. It is much faster because it doesn't need to sort and deduplicate.,SQL Fundamentals,edb_postgres sql union
How does `UPSERT` work in Postgres?,"<b>ANSWER:</b> Using the `ON CONFLICT` clause.<br><br>It attempts to INSERT a row. If it violates a unique constraint (like an ID already exists), it performs an UPDATE instead.<br><br><b>The Code:</b><br><code>INSERT INTO users (id, name) VALUES (1, 'John')<br>ON CONFLICT (id) DO UPDATE SET name = 'John';</code>",Advanced SQL,edb_postgres sql upsert
What is a `LATERAL` join?,"<b>ANSWER:</b> A join that allows a subquery in the FROM clause to reference columns from preceding items in the FROM clause.<br><br>It's like a 'foreach' loop in SQL. For every row in the left table, it executes the right subquery passing in values from the left row.",Advanced SQL,edb_postgres sql joins lateral
What is a Materialized View?,"<b>ANSWER:</b> A view that caches its result set physically on disk.<br><br>Standard views just save the SQL query. Materialized Views actually run the query and store the data, making reads lightning fast for complex aggregations. You must manually refresh them using <code>REFRESH MATERIALIZED VIEW my_view;</code>",Advanced SQL,edb_postgres sql materialized_view
What is PL/pgSQL?,"<b>ANSWER:</b> Postgres's Procedural Language.<br><br>It extends standard SQL by adding control structures like `IF`, `WHILE`, `FOR` loops, and variables. It is used to write powerful Stored Procedures, Functions, and Triggers.",PL/pgSQL,edb_postgres plpgsql
What is the difference between a Function and a Procedure in Postgres 11+?,<b>ANSWER:</b> Transaction control.<br><br>• <b>Function:</b> Cannot commit or rollback transactions inside itself. Usually returns a value.<br>• <b>Procedure:</b> Can execute <code>COMMIT;</code> and <code>ROLLBACK;</code> inside its body. Does not return a value. Invoked using <code>CALL my_procedure();</code> instead of `SELECT`.,PL/pgSQL,edb_postgres plpgsql procedure function
What is a Trigger in Postgres?,"<b>ANSWER:</b> A function that is automatically invoked by the database in response to specific events (INSERT, UPDATE, DELETE, TRUNCATE) on a table.<br><br>They can run `BEFORE` or `AFTER` the event. Often used for auditing (e.g., logging who changed a row) or enforcing complex business rules.",PL/pgSQL,edb_postgres plpgsql trigger
What is `postgres_fdw`?,<b>ANSWER:</b> Foreign Data Wrapper.<br><br>An extension that allows you to access tables stored in a <i>completely different</i> Postgres database server as if they were local tables. You can join a local table with a remote table seamlessly.,Extensions,edb_postgres extensions fdw
What is the `pg_cron` extension?,"<b>ANSWER:</b> A simple cron-based job scheduler that runs inside the database.<br><br>It allows DBAs to schedule tasks like `VACUUM`, `REFRESH MATERIALIZED VIEW`, or data aggregations using standard cron syntax directly in SQL.<br><code>SELECT cron.schedule('0 2 * * *', 'VACUUM ANALYZE users');</code>",Extensions,edb_postgres extensions cron
What is the fastest way to load a massive amount of data into Postgres?,"<b>ANSWER:</b> The `COPY` command.<br><br>It is highly optimized for bulk data loading directly from a CSV or text file. It is exponentially faster than running millions of individual `INSERT` statements.<br><code>COPY users FROM '/tmp/users.csv' DELIMITER ',' CSV;</code>",Data Loading,edb_postgres copy data_loading
What is the difference between `COPY` and `\copy` in psql?,"<b>ANSWER:</b> Where the file lives.<br><br>• <b>`COPY`</b>: An SQL command. The file must exist on the <b>Database Server</b>, and the Postgres OS user must have read permissions to it.<br>• <b>`\copy`</b>: A psql meta-command. The file exists on the <b>Client Machine</b> running psql, and the data is streamed over the network to the server.",Data Loading,edb_postgres copy psql
What is MVCC (Multi-Version Concurrency Control)?,"<b>ANSWER:</b> Postgres's method for handling concurrent transactions without locking.<br><br><b>""Readers don't block writers, and writers don't block readers.""</b> When you UPDATE a row, Postgres creates a brand new version of that row. Other transactions keep reading the old version until your transaction COMMITs.",Architecture,edb_postgres architecture mvcc
What is a Deadlock?,"<b>ANSWER:</b> When two transactions block each other indefinitely.<br><br>• Tx1 locks Row A, wants Row B.<br>• Tx2 locks Row B, wants Row A.<br>Neither can proceed. Postgres detects this automatically after `deadlock_timeout` (default 1s), kills one of the transactions, and rolls it back.",Architecture,edb_postgres architecture locking deadlock
What is the `pg_locks` view used for?,"<b>ANSWER:</b> Viewing all active locks in the database.<br><br>DBAs use it alongside `pg_stat_activity` to figure out which query is blocking other queries. (e.g., if a developer accidentally started a transaction, locked a table, and went to lunch without committing).",Monitoring & Admin,edb_postgres monitoring locks
What is a B-Tree Index?,"<b>ANSWER:</b> The default index type in Postgres.<br><br>It is a balanced tree highly optimized for most common queries, including equality (`=`) and range (`>`, `<`, `BETWEEN`) comparisons. If you just type `CREATE INDEX`, you get a B-Tree.",Indexing,edb_postgres indexing btree
What is a GIN Index used for?,"<b>ANSWER:</b> Generalized Inverted Index.<br><br>Highly optimized for columns that contain <b>multiple values</b>, such as Arrays or JSONB documents, or for Full-Text Search. It is excellent at querying ""Does this array contain this specific item?""",Indexing,edb_postgres indexing gin jsonb
What is a Partial Index?,"<b>ANSWER:</b> An index built on only a subset of a table's rows.<br><br><b>Example:</b> If you have a massive `orders` table, but 99% of queries only search for 'Unshipped' orders, you can create a tiny, lightning-fast index:<br><code>CREATE INDEX idx_unshipped ON orders (customer_id) WHERE status = 'Unshipped';</code>",Indexing,edb_postgres indexing partial
Why should you use `CREATE INDEX CONCURRENTLY` in production?,"<b>ANSWER:</b> To avoid locking out writes.<br><br>A standard `CREATE INDEX` locks the table against writes (INSERT/UPDATE/DELETE) while the index builds. `CONCURRENTLY` builds the index in the background without blocking writes, though it takes slightly longer to finish.",Indexing,edb_postgres indexing concurrently
What is Table Partitioning in Postgres?,"<b>ANSWER:</b> Splitting one large logical table into smaller physical pieces (partitions).<br><br>Users query the 'parent' table normally, but Postgres routes the query only to the relevant 'child' partitions (Partition Pruning). This massively improves performance for huge tables (e.g., millions of rows) by scanning less data and making indexes smaller.",Advanced DBA,edb_postgres partitioning table
What are the three types of Declarative Partitioning in Postgres?,"<b>ANSWER:</b> Range, List, and Hash.<br><br>1. <b>Range:</b> Partitioning by a continuous range of values (e.g., Dates: `partition_2023`, `partition_2024`).<br>2. <b>List:</b> Partitioning by exact discrete values (e.g., Country: `part_usa`, `part_uk`).<br>3. <b>Hash:</b> Distributing rows evenly across a fixed number of partitions based on a hash of the key.",Advanced DBA,edb_postgres partitioning types
What is Partition Pruning?,"<b>ANSWER:</b> A query optimization technique where the planner ignores partitions that cannot possibly contain the requested data.<br><br>If a table is partitioned by year, and you query `WHERE order_date = '2023-05-01'`, the planner 'prunes' (skips) all the 2022 and 2024 partitions, saving massive I/O.",Advanced DBA,edb_postgres partitioning tuning
"What is Connection Pooling, and why is PgBouncer widely used?","<b>ANSWER:</b> Reusing a small number of database connections for a large number of clients.<br><br>Postgres creates a heavy OS process for every connection. If 5,000 clients connect directly, the server will crash due to memory exhaustion. <b>PgBouncer</b> sits in front, accepts the 5,000 lightweight client connections, and routes them through just 100 actual heavy Postgres connections.",High Availability,edb_postgres ha pgbouncer connection_pooling
What is Patroni?,"<b>ANSWER:</b> A template for High Availability (HA) Postgres clusters.<br><br>It uses a Distributed Configuration Store (like etcd, Consul, or ZooKeeper) to manage a Postgres cluster. If the Primary node dies, Patroni detects it, automatically promotes the best Standby to Primary, and updates the network routing.",High Availability,edb_postgres ha patroni failover
What is `repmgr`?,<b>ANSWER:</b> Replication Manager for Postgres.<br><br>A popular open-source tool suite that simplifies the administration of Postgres streaming replication clusters. It handles cloning standby servers (`repmgr standby clone`) and managing manual or automatic failover.,High Availability,edb_postgres ha repmgr replication
What is pgBackRest?,"<b>ANSWER:</b> A highly scalable, parallel backup and restore tool for Postgres.<br><br>Unlike basic `pg_basebackup`, it supports parallel compression/decompression across multiple CPU cores, differential/incremental backups, and direct backups to S3/Cloud storage. It is the industry standard for large Postgres databases.",Backup & Recovery,edb_postgres backup pgbackrest
"What is the difference between a Full, Differential, and Incremental backup in pgBackRest?","<b>ANSWER:</b> How much data is copied.<br><br>• <b>Full:</b> Copies every file in the database cluster.<br>• <b>Differential:</b> Copies only files that changed since the <i>last Full</i> backup.<br>• <b>Incremental:</b> Copies only files that changed since the <i>last backup of any type</i> (Full, Diff, or Incr).",Backup & Recovery,edb_postgres backup pgbackrest types
What is the EDB Postgres Resource Manager?,"<b>ANSWER:</b> A tool to control CPU and I/O consumption by user or group.<br><br>In standard Postgres, a bad query can eat 100% CPU. EDB Advanced Server allows DBAs to create 'Resource Groups' (e.g., 'Analyst_Group') and hard-limit them to, say, 20% CPU, ensuring production transactions are never starved.",EDB Advanced Server,edb_postgres advanced resource_manager
What is EDB SQL Profiler?,"<b>ANSWER:</b> A tool to trace and diagnose slow SQL queries in real-time.<br><br>It integrates with Postgres Enterprise Manager (PEM) to capture query execution statistics, execution plans, and wait events to help DBAs pinpoint exactly where a query is spending its time.",EDB Advanced Server,edb_postgres advanced profiling tuning
What is EDB Postgres Enterprise Manager (PEM)?,"<b>ANSWER:</b> A centralized, web-based management and monitoring console.<br><br>It provides a single pane of glass to monitor hundreds of Postgres instances, offering custom dashboards, alerting, capacity planning, and automated maintenance scheduling.",EDB Advanced Server,edb_postgres advanced pem monitoring
What are EDB Wait States?,"<b>ANSWER:</b> Detailed diagnostics showing exactly what a process is waiting for.<br><br>While community Postgres has `pg_stat_activity.wait_event`, EDB provides deeper Oracle-style wait state views (like `edb_wait_states`) that historicalize wait data over time (e.g., CPU, Disk I/O, Locks) for forensic tuning.",EDB Advanced Server,edb_postgres advanced tuning wait_states
Does EDB Advanced Server support Oracle PL/SQL natively?,"<b>ANSWER:</b> Yes. It includes a native PL/SQL engine (SPL - Stored Procedure Language).<br><br>This allows Oracle stored procedures, functions, packages, and triggers to run directly on EDB Postgres with little to no modification, massively simplifying Oracle-to-Postgres migrations.",EDB Advanced Server,edb_postgres advanced oracle_compatibility
What is `pgAudit`?,"<b>ANSWER:</b> PostgreSQL Audit Extension.<br><br>It provides detailed, standard-compliant session and object auditing. Instead of just logging text to a file, it structure logs exactly what SQL was executed by whom, which is often required for compliance (HIPAA, PCI, SOX).",Database Security,edb_postgres security pgaudit compliance
How do you enforce SSL/TLS encryption for database connections?,"<b>ANSWER:</b> In `postgresql.conf` and `pg_hba.conf`.<br><br>1. Set `ssl = on` in `postgresql.conf` and provide the cert/key paths.<br>2. In `pg_hba.conf`, change the connection type from `host` to `hostssl`.<br>This forces clients to use an encrypted connection.",Database Security,edb_postgres security ssl networking
What is SCRAM-SHA-256?,"<b>ANSWER:</b> The modern, secure password authentication method for Postgres.<br><br>It replaced the old, insecure `md5` method. It prevents password sniffing on the network and prevents replay attacks. You set it via `password_encryption = scram-sha-256` in `postgresql.conf`.",Database Security,edb_postgres security passwords authentication
What does the `peer` authentication method do in `pg_hba.conf`?,"<b>ANSWER:</b> It relies on the operating system's user identity.<br><br>If the Linux user logged into the server is `alice`, and `peer` auth is set, she can automatically log into the database as the Postgres role `alice` without providing a database password. Typically used for local connections.",Database Security,edb_postgres security pg_hba peer
What is the difference between `pg_stat_user_tables` and `pg_stat_all_tables`?,"<b>ANSWER:</b> Filtering out system tables.<br><br>`pg_stat_user_tables` shows statistics (like number of sequential scans, rows inserted, dead tuples) ONLY for tables created by users. `pg_stat_all_tables` includes internal Postgres system catalogs and TOAST tables.",Monitoring & Admin,edb_postgres catalogs monitoring
What is TOAST in Postgres?,"<b>ANSWER:</b> The Oversized-Attribute Storage Technique.<br><br>Postgres has a strict 8KB page size. If a single row exceeds this (e.g., saving a massive text document or JSON blob), Postgres automatically compresses and chunks the oversized data into a hidden 'TOAST' table, keeping the main table small and fast.",Architecture,edb_postgres architecture storage toast
What is the `pg_settings` view?,"<b>ANSWER:</b> A system view that shows the current values of all configuration parameters.<br><br>It is the SQL equivalent of reading `postgresql.conf`, but better. It shows the current value, the default value, the min/max allowed, and whether a restart is required to change it.",Monitoring & Admin,edb_postgres config monitoring
What is a BRIN Index?,"<b>ANSWER:</b> Block Range Index.<br><br>Designed for extremely large tables where the data is physically sorted on disk (e.g., time-series data like logs). Instead of indexing every row, it just stores the MIN and MAX values for a range of blocks. It is thousands of times smaller than a B-Tree and much faster to create.",Advanced Indexing,edb_postgres indexing brin
What is a GiST Index?,"<b>ANSWER:</b> Generalized Search Tree.<br><br>Used for complex data types that don't fit into simple =, &gt;, &lt; logic. Most commonly used for <b>Geospatial data (PostGIS)</b> (finding overlapping polygons) and Full-Text Search.",Advanced Indexing,edb_postgres indexing gist
What is a Covering Index (INCLUDE clause)?,"<b>ANSWER:</b> An index that 'carries' extra data payload to enable Index-Only Scans.<br><br><code>CREATE INDEX idx_user_id ON users (id) INCLUDE (email);</code><br>The index is built on `id`, but the `email` value is physically stored inside the index leaf nodes. If you query `SELECT email FROM users WHERE id = 5;`, it never touches the table.",Advanced Indexing,edb_postgres indexing covering include
What is the difference between JSON and JSONB data types?,"<b>ANSWER:</b> Text vs Binary.<br><br>• <b>JSON:</b> Stores an exact text copy of the input (including whitespace and duplicate keys). Slower to query.<br>• <b>JSONB:</b> Stores data in a decomposed binary format. Removes whitespace, keeps only the last duplicate key. Massively faster to process and supports <b>GIN Indexing</b>.",Data Types,edb_postgres datatypes jsonb
Explain a Nested Loop Join.,"<b>ANSWER:</b> The simplest join strategy.<br><br>For every row in Table A, it scans Table B looking for a match. Highly efficient if Table A is very small and Table B has an index on the join column. Terrible if both tables are large.",Query Tuning,edb_postgres tuning joins nested_loop
Explain a Hash Join.,"<b>ANSWER:</b> The go-to join for large, unsorted datasets.<br><br>The planner takes the smaller table and builds an in-memory Hash Table (using `work_mem`). It then scans the larger table row-by-row, hashing the join key, and doing a fast lookup in the Hash Table.",Query Tuning,edb_postgres tuning joins hash
Explain a Merge Join.,<b>ANSWER:</b> The zipper join.<br><br>Requires both tables to be sorted on the join key (either by an Index or an explicit Sort operation). It walks down both sorted lists simultaneously like a zipper. Excellent for massive tables if they are already indexed/sorted.,Query Tuning,edb_postgres tuning joins merge
What does `SET enable_seqscan = OFF;` do in testing?,"<b>ANSWER:</b> Forces the query planner to avoid Sequential Scans if any other path (like an Index Scan) is remotely possible.<br><br>Used by DBAs for debugging to see if an index is actually capable of being used, but <b>never use this in production</b>, as seq scans are often faster for large data retrievals.",Query Tuning,edb_postgres tuning planner
Why should you disable Transparent Huge Pages (THP) on Linux for Postgres?,"<b>ANSWER:</b> It causes severe memory bloat and performance spikes.<br><br>THP attempts to automatically group memory pages into huge pages. Because Postgres manages its own memory (shared_buffers), THP's background defragmentation locks memory and stalls the database. Standard Huge Pages are good, THP is bad.",OS Tuning,edb_postgres os_tuning linux huge_pages
What should the Linux `vm.swappiness` be set to for a Postgres server?,"<b>ANSWER:</b> A very low value, typically `1` or `10`. (Default is usually 60).<br><br>You want the OS to avoid swapping Postgres memory to disk at all costs, as disk swap is exponentially slower than RAM and will kill database performance.",OS Tuning,edb_postgres os_tuning linux swappiness
What is `effective_cache_size`?,"<b>ANSWER:</b> A planner hint (not actual allocated memory).<br><br>It tells the Postgres query planner how much total memory is likely available for caching data (Shared Buffers + Linux OS Disk Cache). If set high, the planner knows it's safe to use index scans because the index is likely cached in RAM.",Configuration,edb_postgres config memory tuning
What is Split-Brain in a High Availability cluster?,"<b>ANSWER:</b> A catastrophic failure where a network partition causes two nodes to both think they are the Primary database.<br><br>Both start accepting writes independently. When the network heals, the data is completely diverged and corrupted. Patroni prevents this using a distributed consensus store (like etcd).",High Availability,edb_postgres ha split_brain
What is BDR (Bi-Directional Replication) / EDB Postgres Distributed?,"<b>ANSWER:</b> A Multi-Master replication architecture.<br><br>Unlike standard Streaming Replication (Active/Passive), BDR allows multiple Postgres nodes across different geographical regions to all accept Read AND Write traffic simultaneously. It uses complex conflict resolution logic.",EDB Advanced,edb_postgres advanced bdr multi_master
What happens if a Logical Replication Subscriber falls behind the Publisher?,"<b>ANSWER:</b> The Publisher accumulates WAL data.<br><br>Because logical replication uses Replication Slots, the Publisher will not delete WAL files that the Subscriber hasn't consumed yet. If the Subscriber is down for days, the Publisher's disk will fill up and crash. Monitor `pg_stat_replication_slots`.",Replication,edb_postgres replication logical monitoring
"A query is suddenly running very slow, but no data or code has changed. What is the most likely DBA fix?","<b>ANSWER:</b> Run `ANALYZE`.<br><br>The table statistics may have become stale, causing the Query Planner to choose a terrible execution plan (like a Nested Loop instead of a Hash Join). `ANALYZE my_table;` updates the stats.",Troubleshooting,edb_postgres troubleshooting analyze planner
How do you safely terminate a query that has been running for 5 hours without shutting down the database?,"<b>ANSWER:</b> Using `pg_cancel_backend()`.<br><br><b>The Code:</b><br><code>SELECT pg_cancel_backend(pid);</code><br>This sends a SIGINT to cancel the specific query gracefully. If it ignores it, use `pg_terminate_backend(pid)` to kill the entire connection (SIGTERM).",Troubleshooting,edb_postgres troubleshooting terminate
You see high CPU usage and `pg_stat_activity` shows many queries in the `active` state with the wait event `LWLock: buffer_mapping`. What does this mean?,"<b>ANSWER:</b> Extreme competition for `shared_buffers`.<br><br>This usually means the working data set is much larger than `shared_buffers`, and hundreds of connections are fighting to evict pages and load new ones from disk simultaneously.",Troubleshooting,edb_postgres troubleshooting cpu lwlock
What is `pg_repack`?,"<b>ANSWER:</b> A tool to remove table bloat without the heavy locks of `VACUUM FULL`.<br><br>It rebuilds the table and indexes in the background, keeping the table online for reads and writes during the process. Highly recommended for production maintenance.",Maintenance,edb_postgres maintenance bloat pgrepack
What is Transparent Data Encryption (TDE) in EDB Postgres?,"<b>ANSWER:</b> Encrypting the data files at rest on the hard drive.<br><br>If a thief steals the physical hard drive, they cannot read the Postgres data files. The database engine automatically encrypts data as it writes to disk and decrypts as it reads into memory. Requires EDB Advanced Server.",EDB Advanced,edb_postgres advanced security tde
What does `GRANT ALL PRIVILEGES ON DATABASE mydb TO alice;` actually do?,"<b>ANSWER:</b> It gives the right to connect, create schemas, and create temp tables.<br><br><b>Crucial Gotcha:</b> It does NOT give Alice the right to read or modify the tables inside the database! You still need to grant privileges on the schemas and tables specifically.",Database Security,edb_postgres security privileges gotcha
What is `pg_stat_bgwriter`?,"<b>ANSWER:</b> A system view for monitoring background writer performance.<br><br>It shows how many buffers were allocated, how many were written by the bgwriter versus individual backends (sessions). If `buffers_backend` is very high, it means the bgwriter isn't keeping up, and you need to tune `bgwriter_delay` or `bgwriter_lru_maxpages`.",Performance Tuning,edb_postgres tuning bgwriter
What is `effective_io_concurrency`?,"<b>ANSWER:</b> Tells Postgres how many concurrent disk I/O operations it can expect the storage subsystem to handle.<br><br>For standard HDDs, it's 1. For RAID arrays, it's the number of disks. For modern NVMe SSDs, it should be set high (e.g., 200+). It helps the planner optimize Bitmap Index Scans.",Configuration,edb_postgres config io nvme
How does `random_page_cost` differ between HDD and SSD?,"<b>ANSWER:</b> It dictates the planner's bias against Index Scans.<br><br>By default, it's `4.0` (assuming random disk reads are 4x slower than sequential reads, true for HDDs). For SSDs, random reads are almost as fast as sequential reads, so DBAs lower this to `1.1` to encourage the planner to use indexes more often.",Configuration,edb_postgres config ssd random_page_cost
What is a Bitmap Heap Scan?,"<b>ANSWER:</b> The middle ground between an Index Scan and a Sequential Scan.<br><br>If a query needs many rows (but not all of them), Postgres scans the index first, builds an in-memory 'bitmap' of which data pages contain the matching rows, and then physically visits the table, sorting the page fetches to avoid random I/O.",Query Tuning,edb_postgres tuning scan bitmap
What is `pg_stat_user_indexes` used for?,"<b>ANSWER:</b> Finding unused or useless indexes.<br><br>Indexes speed up reads but slow down writes (Inserts/Updates). If you query `pg_stat_user_indexes` and see `idx_scan = 0` for an index after months of uptime, it means the index is never being used and should be deleted to save space and improve write performance.",Maintenance,edb_postgres maintenance indexes unused
What is a Foreign Key constraint's impact on performance?,"<b>ANSWER:</b> It requires a hidden lookup on every INSERT/UPDATE.<br><br>If `Orders` has a Foreign Key pointing to `Users`, every time you insert an Order, Postgres must implicitly run a `SELECT` on `Users` to verify the ID exists. You should <b>always</b> index the Foreign Key column to speed up this check and avoid full table scans during cascading deletes.",Architecture,edb_postgres architecture foreign_key
What happens when `max_connections` is exhausted?,"<b>ANSWER:</b> New clients are completely blocked with a ""FATAL: sorry, too many clients already"" error.<br><br>Increasing `max_connections` excessively (e.g., to 5000) will exhaust OS memory and crash the server. The correct DBA solution is implementing a connection pooler like PgBouncer.",Troubleshooting,edb_postgres troubleshooting connections
What is the primary function of `pg_restore`?,"<b>ANSWER:</b> Restoring a database from a custom-format dump.<br><br>If you use `pg_dump` with the `-F c` (custom) or `-F d` (directory) format, you must use `pg_restore` to read it. The benefit is `pg_restore` can restore tables in parallel (`-j` flag) and allows you to selectively restore single tables.",Backup & Recovery,edb_postgres backup restore
What is the `pg_waldump` utility?,"<b>ANSWER:</b> A forensic tool to read Write-Ahead Log files.<br><br>WAL files are binary and unreadable. `pg_waldump` translates them into human-readable text. DBAs use it to figure out exactly what transaction caused massive WAL generation (e.g., ""Who deleted 50 million rows last night?"").",Troubleshooting,edb_postgres troubleshooting waldump
What is `pg_rewind`?,"<b>ANSWER:</b> A tool to resynchronize a demoted Primary after a failover.<br><br>If the Primary crashes, a Standby takes over. When the old Primary comes back, its data timeline has diverged. Instead of deleting the old Primary and doing a massive `pg_basebackup`, `pg_rewind` only copies the specific data blocks that changed, bringing it back as a Standby in seconds.",High Availability,edb_postgres ha pg_rewind
What is the difference between `DELETE` and `TRUNCATE`?,"<b>ANSWER:</b> MVCC overhead vs File deletion.<br><br>• <b>`DELETE`</b>: Scans the table and marks rows as dead (MVCC). Generates massive WAL logs and requires VACUUM later to free space.<br>• <b>`TRUNCATE`</b>: Physically deletes the underlying data file on the hard drive and creates a new empty one. It is instantaneous and reclaims all space immediately, but cannot be rolled back easily in all dialects.",SQL Fundamentals,edb_postgres sql truncate delete
Explain the role of `search_path`.,"<b>ANSWER:</b> Determines the order Postgres searches schemas when you query a table without specifying the schema name.<br><br>Default is `""$user"", public`. If you query `SELECT * FROM users;`, it first looks in a schema named after your username. If it doesn't find it, it looks in the `public` schema.",Configuration,edb_postgres config schemas
What is a Hash Index?,"<b>ANSWER:</b> An index optimized exclusively for exact equality (`=`) checks.<br><br>Historically, they were unsafe in Postgres because they weren't WAL-logged (they would break on crash). In Postgres 10+, they became WAL-logged and crash-safe. They are smaller and slightly faster than B-Trees for simple '=' lookups.",Advanced Indexing,edb_postgres indexing hash
What is an Anonymous Code Block in PL/pgSQL?,"<b>ANSWER:</b> A PL/pgSQL script executed on the fly without saving it as a function.<br><br>Defined using the `DO $$ ... $$` syntax. Perfect for one-off DBA maintenance scripts or complex data migrations that require variables and loops, but don't need to be saved in the database permanently.",PL/pgSQL,edb_postgres plpgsql anonymous_block
What does the `COMMIT` statement actually guarantee?,"<b>ANSWER:</b> Durability (the 'D' in ACID).<br><br>When the client receives the ""COMMIT successful"" message, it guarantees that the transaction's WAL records have been physically flushed (fsync'd) to the persistent storage drive. Even if power is lost one millisecond later, the data will survive.",Architecture,edb_postgres architecture acid commit
What are the three core components of Postgres Enterprise Manager (PEM)?,"<b>ANSWER:</b> PEM Server, PEM Agent, and PEM Web Client.<br><br>• <b>PEM Server:</b> The backend Postgres database repository storing metrics, alerts, and historical data.<br>• <b>PEM Agent:</b> A lightweight background service installed on each monitored host that collects metrics.<br>• <b>PEM Web Client:</b> The browser-based graphical management dashboard (built on pgAdmin 4).",Database Monitoring,edb_postgres pem monitoring architecture
What script is used to configure the PEM Server on Linux after package installation?,"<b>ANSWER:</b> <code>/usr/edb/pem/bin/configure-pem-server.sh</code><br><br>This interactive script configures: (1) whether to install Web Services, Database, or both, (2) database port and superuser credentials, (3) SSL certificates for secure agent communication.",Database Monitoring,edb_postgres pem installation linux
How do you register a PEM Agent with the PEM Server from the command line?,"<b>ANSWER:</b> Using the `pemworker` utility with `--register-agent`.<br><br><b>The Command:</b><br><code>/usr/edb/pem/agent/bin/pemworker --register-agent</code><br><br>Prompts for PEM Server IP, port, credentials, and agent description to establish mutual SSL trust.",Database Monitoring,edb_postgres pem agent registration
What is the purpose of Postgres Cumulative Statistics Views?,"<b>ANSWER:</b> Monitoring internal server activity metrics since the last statistics reset.<br><br>• <code>pg_stat_database</code>: Transactions committed/rolled back, blocks read/hit.<br>• <code>pg_stat_all_tables</code>: Seq scans, index scans, live vs dead tuples.<br>• <code>pg_statio_all_tables</code>: Disk block reads vs buffer cache hits.",Database Monitoring,edb_postgres monitoring statistics catalogs
How do you log queries taking longer than a specific threshold (e.g. 5 seconds)?,<b>ANSWER:</b> Set `log_min_duration_statement` in `postgresql.conf`.<br><br><b>Configuration:</b><br><code>log_min_duration_statement = 5000</code><br><br>Value is in milliseconds (5000ms = 5s). Set to `0` to log all queries; set to `-1` to disable.,Database Monitoring,edb_postgres monitoring logging slow_query
How do you find which session PID is blocking another session in Postgres?,"<b>ANSWER:</b> Query `pg_blocking_pids()` in combination with `pg_stat_activity`.<br><br><b>The Query:</b><br><code>SELECT pid, pg_blocking_pids(pid) AS blocked_by, query <br>FROM pg_stat_activity <br>WHERE cardinality(pg_blocking_pids(pid)) > 0;</code>",Database Monitoring,edb_postgres monitoring locking locks
What are the 5 internal stages of SQL statement processing in Postgres?,"<b>ANSWER:</b> Parse, Rewrite, Plan, Optimize, Execute.<br><br>1. <b>Parser:</b> Checks syntax and transforms SQL into a parse tree.<br>2. <b>Traffic Cop / Rewriter:</b> Applies rewrite rules (e.g. expanding Views).<br>3. <b>Planner/Optimizer:</b> Evaluates access paths and generates the lowest-cost execution plan.<br>4. <b>Executor:</b> Walks the plan tree and returns/modifies tuples.",SQL Tuning,edb_postgres tuning architecture statement
What are the core Planner Cost Constants and their default values?,"<b>ANSWER:</b> Unitless cost estimation metrics used by the query optimizer.<br><br>• <code>seq_page_cost = 1.0</code> (baseline cost for reading a sequential disk page)<br>• <code>random_page_cost = 4.0</code> (cost for random disk access, HDD default)<br>• <code>cpu_tuple_cost = 0.01</code> (CPU cost to process one row)<br>• <code>cpu_index_tuple_cost = 0.005</code> (CPU cost to process one index entry)<br>• <code>cpu_operator_cost = 0.0025</code> (CPU cost for comparison/operator)",SQL Tuning,edb_postgres tuning planner costs
Why do DBAs lower `random_page_cost` from 4.0 to 1.1 on SSD/NVMe drives?,"<b>ANSWER:</b> Because SSDs have virtually zero seek latency penalty.<br><br>At `4.0`, the planner assumes random reads are 4x slower than sequential reads, unfairly favoring Seq Scans. Lowering it to `1.1–1.5` accurately reflects SSD performance, encouraging the planner to use Index Scans where appropriate.",SQL Tuning,edb_postgres tuning ssd random_page_cost
"What does `EXPLAIN (ANALYZE, BUFFERS)` reveal that standard `EXPLAIN` does not?","<b>ANSWER:</b> Actual runtime and buffer cache usage.<br><br>• Standard `EXPLAIN`: Only shows the optimizer's *estimates* without running the query.<br>• `EXPLAIN ANALYZE`: Actually runs the query and displays actual execution time and row counts.<br>• `BUFFERS`: Displays exact buffer hits (`shared hit`), disk reads (`read`), and dirty pages (`dirtied`).",SQL Tuning,edb_postgres tuning explain buffers
What are Query Optimizer Hints in EDB Postgres Advanced Server?,<b>ANSWER:</b> Directives inside comments that force the optimizer to choose a specific plan.<br><br><b>Examples:</b><br>• <code>/*+ IndexScan(emp emp_idx) */</code> - Force index scan.<br>• <code>/*+ HashJoin(a b) */</code> - Force hash join.<br>• <code>/*+ Leading(t1 (t2 t3)) */</code> - Dictate exact join order.<br>Supported in EDB via the `edb_hint_plan` extension.,SQL Tuning,edb_postgres tuning hints epas
"What does `default_statistics_target` control, and when should you raise it?","<b>ANSWER:</b> The number of histogram buckets stored in `pg_statistic` during `ANALYZE`.<br><br>Default is `100`. For columns with non-uniform data distribution or complex joins that produce inaccurate row estimates, raising it to `500` or `1000` (per column: <code>ALTER TABLE t ALTER c SET STATISTICS 500;</code>) yields vastly better plans.",SQL Tuning,edb_postgres tuning analyze statistics
What is the `pg_prewarm` extension and why is it used?,"<b>ANSWER:</b> Loading table and index pages into the buffer cache ahead of time.<br><br>After a database restart, caches are 'cold', causing slow initial queries due to disk I/O. `pg_prewarm` warms the cache immediately so production traffic experiences zero initial slowdown.",Performance Tuning,edb_postgres tuning pg_prewarm memory
How do you prewarm a specific table into shared buffers using `pg_prewarm`?,"<b>ANSWER:</b> Run the `pg_prewarm` function in SQL.<br><br><b>The SQL:</b><br><code>CREATE EXTENSION pg_prewarm;</code><br><code>SELECT pg_prewarm('edbuser.customers');</code><br><br>Supported modes: `prefetch` (async OS read), `read` (sync OS read), and `buffer` (default, reads directly into Postgres shared_buffers).",Performance Tuning,edb_postgres tuning pg_prewarm sql
How does `autoprewarm` work in EDB Postgres?,"<b>ANSWER:</b> Automatically saves buffer state on shutdown and restores it on startup.<br><br><b>Configuration:</b><br>Add `pg_prewarm` to `shared_preload_libraries`. The background worker periodically records all buffer page IDs to disk (`autoprewarm_interval = 300s`). On server restart, it automatically restores those exact blocks to shared memory.",Performance Tuning,edb_postgres tuning autoprewarm config
What are the three Background Writer (BGWRITER) tuning parameters?,"<b>ANSWER:</b> `bgwriter_delay`, `bgwriter_lru_maxpages`, and `bgwriter_lru_multiplier`.<br><br>• <code>bgwriter_delay</code>: Sleep interval between rounds (default 200ms).<br>• <code>bgwriter_lru_maxpages</code>: Max dirty buffers written per round (default 100).<br>• <code>bgwriter_lru_multiplier</code>: Multiplier applied to average buffer demand to predict future needs (default 2.0).",Performance Tuning,edb_postgres tuning bgwriter memory
What is `checkpoint_completion_target` and why should it be set to 0.9?,"<b>ANSWER:</b> Spreads checkpoint I/O across the entire checkpoint interval.<br><br>If a checkpoint occurs every 15 minutes, a target of `0.9` tells Postgres to throttle dirty buffer disk writes over 13.5 minutes (90% of the window), preventing catastrophic disk I/O spikes that stall running transactions.",Performance Tuning,edb_postgres tuning checkpoint io
What triggers an automatic checkpoint in Postgres?,<b>ANSWER:</b> Time elapsed OR Volume of WAL generated.<br><br>1. <b>Time:</b> `checkpoint_timeout` is reached (e.g. every 15 minutes).<br>2. <b>Volume:</b> WAL writes exceed `max_wal_size` (e.g. 16GB).<br>DBAs check logs: frequent WAL-driven checkpoints indicate `max_wal_size` should be increased.,Performance Tuning,edb_postgres tuning checkpoint wal
What three files make up a standard Postgres extension?,"<b>ANSWER:</b> Control file, SQL script, and optional Shared Object.<br><br>1. <code>extension_name.control</code>: Metadata (version, dependencies, relocatability).<br>2. <code>extension_name--version.sql</code>: SQL commands defining tables, functions, and types.<br>3. <code>extension_name.so / .dll</code>: Compiled C library (if C functions are included).",Extensions,edb_postgres extensions architecture
Why do some extensions require `shared_preload_libraries`?,"<b>ANSWER:</b> Because they register background workers or install shared memory / hook intercepts.<br><br>Extensions like `pg_stat_statements`, `pg_prewarm`, and `auth_delay` must allocate shared memory structures and attach C-level function hooks at postmaster startup, requiring a database restart.",Extensions,edb_postgres extensions shared_preload_libraries
"How do you clone an entire database using SQL, and what is its major limitation?",<b>ANSWER:</b> Using `CREATE DATABASE ... TEMPLATE`.<br><br><b>The SQL:</b><br><code>CREATE DATABASE new_db TEMPLATE source_db;</code><br><br><b>Limitation:</b> No other active user sessions can be connected to `source_db` while the command runs. All connections must be terminated first.,Database Administration,edb_postgres admin clone template
What is the EDB `edb_cloneschema` extension?,"<b>ANSWER:</b> A specialized tool for cloning individual schemas within or between databases.<br><br>Requires `parallel_clone` in `shared_preload_libraries`. It can clone tables, indexes, constraints, and data in parallel threads without requiring connections to the source database to be dropped.",EDB Advanced Server,edb_postgres epas clone schema
When must Transparent Data Encryption (TDE) be enabled in EDB Postgres?,"<b>ANSWER:</b> At database cluster initialization (`initdb`) time only.<br><br><b>The Command:</b><br><code>initdb -D /path/to/data -y --key-provider=...</code><br><br>TDE encrypts data files, WAL, and temporary files at rest. You cannot retroactively turn on TDE on an existing unencrypted cluster without migrating data.",Database Security,edb_postgres security tde encryption
What encryption algorithms are supported by EDB Postgres TDE?,"<b>ANSWER:</b> AES-128 and AES-256.<br><br>AES-128 is the default cipher (`tde_data_encryption_cipher = 'AES_128_CBC'`), but AES-256 (`AES_256_CBC`) is fully supported for enterprise security compliance.",Database Security,edb_postgres security tde aes
How does key hierarchy work in EDB Transparent Data Encryption (TDE)?,"<b>ANSWER:</b> Two-tier key architecture: Master Key and Data Encryption Key (DEK).<br><br>• <b>Data Encryption Key (DEK):</b> Used directly by the database engine to encrypt/decrypt blocks.<br>• <b>Master Key (Key Wrapping Key):</b> Encrypts the DEK. Stored externally in a Key Management Service (AWS KMS, HashiCorp Vault, or local file).",Database Security,edb_postgres security tde kms
Explain the difference between `psql` and `edb-psql`.,<b>ANSWER:</b> Community CLI vs EDB Enhanced CLI.<br><br>`psql` is the standard PostgreSQL command line interface. `edb-psql` is bundled with EDB Postgres Advanced Server and provides compatibility enhancements for Oracle-style syntax and EDB tools.,User Tools,edb_postgres tools psql edb-psql
Name 5 essential `psql` meta-commands used daily by Postgres DBAs.,"<b>ANSWER:</b> Core slash commands:<br><br>• <code>\l+</code>: List all databases, owners, encodings, and physical sizes.<br>• <code>\dt+</code>: List all tables with schema, owner, and disk footprint.<br>• <code>\di+</code>: List all indexes and their sizes.<br>• <code>\du+</code>: List all roles, permissions, and group memberships.<br>• <code>\x</code>: Toggle Expanded display (formats columns vertically, essential for wide rows).",User Tools,edb_postgres tools psql meta_commands
How do you run a SQL script file from inside `psql` and redirect output to a file?,<b>ANSWER:</b> Using `\i` (input) and `\o` (output).<br><br><b>The Commands:</b><br><code>\o /tmp/query_results.txt</code> (redirects output)<br><code>\i /path/to/script.sql</code> (executes the script file)<br><code>\o</code> (resets output back to the terminal screen),User Tools,edb_postgres tools psql script
How do you display execution time for every query in `psql`?,"<b>ANSWER:</b> Use the `\timing` meta-command.<br><br><b>Command:</b><br><code>\timing on</code><br><br>After enabling, every subsequent query will display: <code>Time: 12.345 ms</code> upon completion.",User Tools,edb_postgres tools psql timing
What parameters in `postgresql.conf` configure automatic log file rotation?,"<b>ANSWER:</b> `logging_collector`, `log_filename`, `log_rotation_age`, and `log_rotation_size`.<br><br>• <code>logging_collector = on</code><br>• <code>log_directory = 'log'</code><br>• <code>log_filename = 'postgresql-%Y-%m-%d_%H%M%S.log'</code><br>• <code>log_rotation_age = 1d</code> (rotates daily)<br>• <code>log_rotation_size = 100MB</code> (rotates if size exceeds 100MB)",Configuration & Logging,edb_postgres logging rotation config
"What does `log_line_prefix` do, and what is a recommended production format?",<b>ANSWER:</b> Formats the metadata prepended to every log entry.<br><br><b>Recommended format:</b><br><code>log_line_prefix = '%m [%p] %u@%d client=%h '</code><br><br>• <code>%m</code> = timestamp with ms<br>• <code>%p</code> = process ID<br>• <code>%u</code> = username<br>• <code>%d</code> = database name<br>• <code>%h</code> = client remote host,Configuration & Logging,edb_postgres logging prefix troubleshooting
"What is the difference between `log_statement = 'ddl'`, `'mod'`, and `'all'`?","<b>ANSWER:</b> Filters which statement types are logged.<br><br>• <code>none</code>: Disables statement logging.<br>• <code>ddl</code>: Only logs CREATE, ALTER, DROP statements.<br>• <code>mod</code>: Logs DDL + all data-modifying queries (INSERT, UPDATE, DELETE, TRUNCATE).<br>• <code>all</code>: Logs every single query (including SELECT). Generates massive log volume.",Configuration & Logging,edb_postgres logging statements audit
Troubleshoot this error: `psql: could not connect to server: Connection refused (0x0000274D/10061)`,"<b>ANSWER:</b> The client cannot reach a listening service on that IP/port.<br><br><b>Checklist:</b><br>1. Is Postgres service running? (<code>systemctl status edb-as-17</code>)<br>2. Is Postgres listening on the port? Check `port` in `postgresql.conf`.<br>3. Check `listen_addresses` in `postgresql.conf` (if it's `localhost`, external IPs are refused).<br>4. Check OS firewall / iptables.",Troubleshooting,edb_postgres troubleshooting network connection
"Troubleshoot this error: `FATAL: no pg_hba.conf entry for host ""192.168.1.50"", user ""appuser"", database ""proddb"", no encryption`",<b>ANSWER:</b> The incoming connection does not match any entry in `pg_hba.conf`.<br><br><b>Fix:</b> Add an authorized line to `pg_hba.conf`:<br><code>host  proddb  appuser  192.168.1.50/32  scram-sha-256</code><br>Then run <code>SELECT pg_reload_conf();</code>. No restart required.,Troubleshooting,edb_postgres troubleshooting pg_hba security
What is a Schema in Postgres and what is the default schema?,<b>ANSWER:</b> A logical namespace within a database containing database objects.<br><br>The default schema is <code>public</code>. Schemas allow multiple users/applications to use the same database without table name collisions (e.g. `hr.employees` vs `sales.employees`).,Data Management,edb_postgres schemas ddl
How does Postgres determine which schema to look in when a table name is unquoted?,"<b>ANSWER:</b> Using the `search_path` configuration parameter.<br><br><b>Default:</b> <code>""$user"", public</code><br>Postgres searches from left to right: first in a schema matching the current user's name, then in `public`. You can set it per session: <code>SET search_path TO myschema, public;</code>",Data Management,edb_postgres schemas search_path
What are the three core sequence functions in Postgres?,"<b>ANSWER:</b> `nextval()`, `currval()`, and `setval()`.<br><br>• <code>nextval('seq_name')</code>: Advances sequence and returns new value.<br>• <code>currval('seq_name')</code>: Returns most recent value generated by nextval in current session.<br>• <code>setval('seq_name', 1000)</code>: Manually resets sequence counter to specified value.",SQL Primer,edb_postgres sql sequences
"Why do Sequence values have gaps, and can rolled-back transactions be recovered?","<b>ANSWER:</b> Sequences never roll back (by design).<br><br>To allow high concurrency, `nextval` does not take transaction locks. If a transaction calls `nextval()`, receives ID `42`, and then ROLLBACKs, number 42 is permanently lost. This prevents transactions from blocking each other.",SQL Primer,edb_postgres sql sequences concurrency
What is the difference between `SERIAL` and `IDENTITY` columns in Postgres 10+?,"<b>ANSWER:</b> Legacy Postgres pseudo-type vs ANSI SQL standard.<br><br>• <code>SERIAL</code>: Automatically creates an underlying sequence and sets `DEFAULT nextval()`. Easy to bypass accidentally.<br>• <code>GENERATED ALWAYS AS IDENTITY</code>: Standard SQL compliant, integrates tightly with table metadata, and prevents manual insertion unless explicitly overridden.",SQL Primer,edb_postgres sql identity serial
How do you add a CHECK constraint to a massive production table without locking it?,"<b>ANSWER:</b> Use `NOT VALID` followed by `VALIDATE CONSTRAINT`.<br><br><b>Step 1:</b><br><code>ALTER TABLE orders ADD CONSTRAINT chk_price CHECK (price > 0) NOT VALID;</code><br>(Acquires brief lock, enforces only on new rows).<br><b>Step 2:</b><br><code>ALTER TABLE orders VALIDATE CONSTRAINT chk_price;</code><br>(Validates existing rows without blocking concurrent reads or writes).",SQL Primer,edb_postgres sql constraints production
What are the advantages of `pg_dump` Custom Format (`-F c`) over Plain Text (`-F p`)?,"<b>ANSWER:</b> Compression, flexibility, and selective parallel restoration.<br><br>• Automatically compressed by default (saves disk space).<br>• Can be restored using `pg_restore`.<br>• Allows selective table/schema restoration without editing SQL files.<br>• Supports multi-job parallel restoration via `pg_restore -j <cores>`.",Backup & Recovery,edb_postgres backup pg_dump custom_format
How do you dump only the data of a specific schema using `pg_dump`?,<b>ANSWER:</b> Combine the `-n` (schema) and `-a` (data-only) flags.<br><br><b>The Command:</b><br><code>pg_dump -U postgres -d edbstore -n edbuser -a -F c -f edbuser_data.dump</code>,Backup & Recovery,edb_postgres backup pg_dump schema data
Why would you use `--disable-triggers` during a `pg_dump` or `pg_restore`?,"<b>ANSWER:</b> To prevent cascading trigger execution during bulk restoration.<br><br>If tables have triggers that compute totals or insert audit rows, running them on millions of restored rows will drastically slow down the restore and duplicate audit entries. `--disable-triggers` turns them off during data copy.",Backup & Recovery,edb_postgres backup pg_dump triggers
What does `pg_dumpall -g` (or `--globals-only`) dump?,"<b>ANSWER:</b> Cluster-wide global objects only.<br><br>It exports cluster-level definitions that exist outside individual databases: (1) Roles, users, and passwords, and (2) Tablespace definitions. It dumps zero table or schema data.",Backup & Recovery,edb_postgres backup pg_dumpall globals
How do you perform a parallel restore using `pg_restore`?,"<b>ANSWER:</b> Use the `-j` (jobs) flag on a directory or custom archive dump.<br><br><b>The Command:</b><br><code>pg_restore -U enterprisedb -d target_db -j 4 /path/to/dump_dir</code><br><br>Restores multiple tables and indexes concurrently using 4 worker threads, reducing restore time drastically.",Backup & Recovery,edb_postgres backup pg_restore parallel
What is `COPY ... WITH (FREEZE)` and when should a DBA use it?,"<b>ANSWER:</b> Freezes rows during initial bulk insertion into newly created tables.<br><br><b>The SQL:</b><br><code>COPY my_table FROM '/data/file.csv' WITH (FORMAT csv, FREEZE);</code><br><br>Pre-freezes tuples with frozen XIDs, eliminating the need for future VACUUM freeze passes on those rows. Must be run in the same transaction that created or truncated the table.",Data Loading,edb_postgres data_loading copy freeze
What file in `$PGDATA` tells Postgres 12+ to start in Standby (Replica) mode?,"<b>ANSWER:</b> `standby.signal`<br><br>In Postgres 12 and newer, `recovery.conf` was removed. Creating an empty file named `standby.signal` in the cluster data directory tells Postgres to start in read-only standby mode and stream WAL from the Primary.",Replication & HA,edb_postgres replication standby_signal
What parameter in `postgresql.conf` configures how a standby connects to its primary?,<b>ANSWER:</b> `primary_conninfo`<br><br><b>Example:</b><br><code>primary_conninfo = 'host=192.168.1.10 port=5444 user=repuser password=secret'</code><br><br>Also pair with `primary_slot_name = 'standby_1_slot'` to associate connection with a replication slot.,Replication & HA,edb_postgres replication primary_conninfo
How do you promote a Postgres Standby server to become the new Primary server?,"<b>ANSWER:</b> Using `pg_ctl promote` or the SQL function `pg_promote()`.<br><br><b>CLI:</b><br><code>pg_ctl promote -D /var/lib/edb/as17/data</code><br><br><b>SQL:</b><br><code>SELECT pg_promote();</code><br><br>Postgres finishes replaying remaining WAL, removes `standby.signal`, switches WAL timeline, and begins accepting writes.",Replication & HA,edb_postgres replication promote failover
What is Cascading Replication in Postgres?,<b>ANSWER:</b> A standby server streaming WAL to other standbys rather than from the primary.<br><br>Primary -> Standby 1 (Relay) -> Standby 2 & Standby 3.<br>This relieves network and CPU load on the Primary server when deploying many read replicas across multiple data centers.,Replication & HA,edb_postgres replication cascading
"What does the `pg_test_fsync` utility do, and why should a DBA run it?","<b>ANSWER:</b> Benchmarks the fastest and safest `wal_sync_method` for your specific hardware/OS.<br><br>It tests various system calls (e.g., `fdatasync`, `open_datasync`, `fsync`, `fsync_writethrough`). The Linux default is typically `fdatasync`. Running this helps choose the optimal setting in `postgresql.conf` to maximize write throughput.",Performance Tuning,edb_postgres tuning pg_test_fsync wal
"What is the `hstore` extension in Postgres, and when is it used?","<b>ANSWER:</b> A key-value pair data type within a single Postgres column.<br><br><b>The SQL:</b><br><code>CREATE EXTENSION IF NOT EXISTS hstore;</code><br><code>CREATE TABLE config (id serial, properties hstore);</code><br>Useful for semi-structured data where attributes change frequently without needing schema alterations. (Predecessor to JSONB).",Extensions,edb_postgres extensions hstore nosql
How does `constraint_exclusion` affect query planning on partitioned tables?,"<b>ANSWER:</b> Enables the planner to skip partitions based on CHECK constraints.<br><br>• <code>partition</code> (default): Enables partition pruning for partitioned tables.<br>• <code>off</code>: Disables constraint exclusion, forcing the planner to scan ALL child partitions even when WHERE clauses prove rows cannot exist there.<br>• <code>on</code>: Examines constraints on all tables (adds planner overhead).",SQL Tuning,edb_postgres tuning partitioning constraint_exclusion
How do you detect which indexes in a database are never used?,"<b>ANSWER:</b> Inspect the `idx_scan` column in `pg_stat_user_indexes`.<br><br><b>The SQL:</b><br><code>SELECT schemaname, relname, indexrelname, idx_scan <br>FROM pg_stat_user_indexes <br>WHERE idx_scan = 0;<br></code><br>Indexes with 0 scans consume disk space and slow down INSERT/UPDATE operations, and should be considered for removal.",Maintenance,edb_postgres maintenance indexes pg_stat_user_indexes
How do you log every temporary disk file created by queries spilling to disk?,<b>ANSWER:</b> Set `log_temp_files` in `postgresql.conf`.<br><br><b>Setting:</b><br><code>log_temp_files = 0</code><br><br>`0` logs all temporary files (with size). A positive number (e.g. `10240`) logs files larger than that size in KB. Essential for identifying queries that exceed `work_mem` and spill sorting/hashing to slow disk.,Performance Tuning,edb_postgres tuning work_mem temp_files
"Explain the three Pool Modes in PgBouncer: Session, Transaction, and Statement.","<b>ANSWER:</b> Determines how long a client holds a backend Postgres connection.<br><br>1. <b>Session:</b> Connection held until client disconnects. Safest, but lowest concurrency.<br>2. <b>Transaction (Most Popular):</b> Connection held only for the duration of a single `BEGIN...COMMIT`. Returns to pool immediately after. (Cannot use prepared statements or LISTEN/NOTIFY).<br>3. <b>Statement:</b> Connection held for a single query. Multi-statement transactions not allowed.",High Availability,edb_postgres pgbouncer pooling architecture
Why is an 'idle in transaction' session dangerous for a Postgres database?,"<b>ANSWER:</b> It holds locks and halts table VACUUM progress.<br><br>An uncommitted transaction holds its snapshot and `xmin` transaction horizon. Even if idle, it prevents autovacuum from cleaning dead tuples across the entire database generated after that transaction began, causing catastrophic table and index bloat.",Troubleshooting,edb_postgres troubleshooting vacuum bloat idle_in_transaction
How do you automatically terminate sessions left 'idle in transaction'?,"<b>ANSWER:</b> Configure `idle_in_transaction_session_timeout`.<br><br><b>In postgresql.conf:</b><br><code>idle_in_transaction_session_timeout = '5min'</code><br><br>If an open transaction sits idle without committing or rolling back for 5 minutes, Postgres forcefully terminates the backend connection, releasing all locks and unblocking VACUUM.",Configuration,edb_postgres config troubleshooting timeout
"What is the difference between `ROW_NUMBER()`, `RANK()`, and `DENSE_RANK()`?","<b>ANSWER:</b> How ties (identical values) are ranked.<br><br>Suppose three employees tie for 2nd place:<br>• <code>ROW_NUMBER()</code>: Arbitrarily assigns unique numbers (1, 2, 3, 4).<br>• <code>RANK()</code>: Assigns same rank with gaps after (1, 2, 2, 4).<br>• <code>DENSE_RANK()</code>: Assigns same rank without gaps after (1, 2, 2, 3).",Advanced SQL,edb_postgres sql window_functions ranking
How do `COALESCE` and `NULLIF` handle NULL values in SQL?,"<b>ANSWER:</b> Value substitution vs Null generation.<br><br>• <code>COALESCE(a, b, c)</code>: Returns the first non-null argument. If `a` is null, returns `b`.<br>• <code>NULLIF(a, b)</code>: Returns NULL if `a == b`, otherwise returns `a`. (Often used to prevent division by zero: `total / NULLIF(count, 0)`).",SQL Fundamentals,edb_postgres sql null coalesce nullif
What is the `pg_trgm` extension and why is it used for text search?,<b>ANSWER:</b> Trigram matching for fast pattern matching and similarity.<br><br>Standard B-Tree indexes cannot index wildcards like `LIKE '%pattern%'`. `pg_trgm` breaks text into 3-letter trigrams and uses a <b>GIN index</b> to make leading-wildcard text searches blazing fast:<br><code>CREATE INDEX idx_trgm ON users USING gin (name gin_trgm_ops);</code>,Extensions,edb_postgres extensions pg_trgm gin search
What is the `dblink` extension in Postgres?,"<b>ANSWER:</b> Executes queries on remote Postgres databases from within a local session.<br><br><b>The SQL:</b><br><code>SELECT * FROM dblink('host=remotedb user=rep dbname=test', 'SELECT id, name FROM users') AS t(id int, name text);</code><br><br>(For modern workloads, `postgres_fdw` is preferred as it conforms to SQL standard Foreign Data Wrappers).",Extensions,edb_postgres extensions dblink fdw
What is an Expression Index (Functional Index)?,"<b>ANSWER:</b> An index built on the result of an expression or function rather than a raw column.<br><br><b>The SQL:</b><br><code>CREATE INDEX idx_lower_email ON users (LOWER(email));</code><br><br>If a user queries `WHERE LOWER(email) = 'test@example.com'`, Postgres will use the index. Without the expression index, it would be forced to run a full table scan.",Advanced Indexing,edb_postgres indexing expression lower
How do UNIQUE indexes handle multiple NULL values in Postgres?,"<b>ANSWER:</b> By default, multiple NULLs are permitted.<br><br>In SQL standard, `NULL != NULL`. Therefore, a standard UNIQUE constraint allows infinite NULL values.<br>In Postgres 15+, you can enforce `UNIQUE NULLS NOT DISTINCT` to treat NULLs as equal and disallow duplicate NULL entries.",Advanced Indexing,edb_postgres indexing unique nulls
What catalog table stores the physical data types and schemas in Postgres?,"<b>ANSWER:</b> `pg_type` and `pg_namespace`.<br><br>• <code>pg_namespace</code>: Stores all schemas and their owners.<br>• <code>pg_type</code>: Stores all data types (built-in types like `int4`, `varchar`, and user-defined enums, composites, domains).",Storage & Catalogs,edb_postgres catalogs pg_namespace pg_type
What is the difference between an AccessExclusiveLock and a RowShareLock?,"<b>ANSWER:</b> Full table lock vs non-blocking row read.<br><br>• <b>AccessExclusiveLock:</b> Acquired by `DROP TABLE`, `TRUNCATE`, `ALTER TABLE`. Blocks EVERYTHING (reads, writes, other locks).<br>• <b>RowShareLock:</b> Acquired by `SELECT ... FOR SHARE`. Allows concurrent reads and writes, only conflicting with exclusive table locks.",Architecture & Locking,edb_postgres architecture locking locks
How do you check cache hit ratio across the entire database?,"<b>ANSWER:</b> Query `pg_stat_database`.<br><br><b>The SQL:</b><br><code>SELECT datname, <br>  round(100.0 * blks_hit / (blks_hit + blks_read), 2) AS cache_hit_ratio <br>FROM pg_stat_database <br>WHERE blks_hit + blks_read > 0;</code><br><br>In healthy production OLTP systems, this ratio should ideally exceed 99%.",Database Monitoring,edb_postgres monitoring cache_hit_ratio
What is `synchronous_commit` and what are its levels?,"<b>ANSWER:</b> Controls how eagerly WAL must be flushed before reporting COMMIT success.<br><br>• <code>on</code> (default): Waits for local WAL to flush to disk.<br>• <code>off</code>: Asynchronous commit. Returns immediately; up to `3 * wal_writer_delay` of data can be lost in a crash, but write throughput spikes 3x.<br>• <code>remote_write</code> / <code>on</code> / <code>remote_apply</code>: Governs replication standby guarantees.",Architecture,edb_postgres architecture wal synchronous_commit
What is the purpose of the `pg_stat_statements_reset()` function?,"<b>ANSWER:</b> Resets all accumulated query statistics in `pg_stat_statements`.<br><br><b>Usage:</b><br><code>SELECT pg_stat_statements_reset();</code><br><br>DBAs run this before benchmarking, after a deployment, or when investigating a newly emerging performance degradation to clear old historical data.",Database Monitoring,edb_postgres monitoring pg_stat_statements reset
What is the difference between `statement_timeout` and `lock_timeout`?,<b>ANSWER:</b> Total query duration vs time waiting to acquire a lock.<br><br>• <code>statement_timeout</code>: Aborts any statement that takes longer than the specified milliseconds from start to finish.<br>• <code>lock_timeout</code>: Aborts a statement only if it spends longer than specified trying to acquire a lock on a table or row.,Configuration,edb_postgres config timeouts locking
What are Savepoints in Postgres and how are they used?,<b>ANSWER:</b> Bookmarks inside a transaction allowing partial rollbacks.<br><br><b>The SQL:</b><br><code>BEGIN;</code><br><code>INSERT INTO orders VALUES (1);</code><br><code>SAVEPOINT sp1;</code><br><code>INSERT INTO orders VALUES (2); -- crashes!</code><br><code>ROLLBACK TO SAVEPOINT sp1; -- rolls back row 2 only</code><br><code>COMMIT; -- row 1 is safely committed</code>,SQL Primer,edb_postgres sql transactions savepoint
Explain the three Transaction Isolation Levels supported by PostgreSQL.,"<b>ANSWER:</b> Read Committed, Repeatable Read, and Serializable.<br><br>• <b>Read Committed (Default):</b> Each query sees only data committed before that *query* started. Prevents dirty reads.<br>• <b>Repeatable Read:</b> The transaction sees only data committed before the *transaction* started. Prevents non-repeatable reads and phantom reads.<br>• <b>Serializable:</b> Full strict serializability using SSI (Serializable Snapshot Isolation). Prevents serialization anomalies.",Architecture & Transactions,edb_postgres architecture isolation acid
Can Dirty Reads occur in PostgreSQL?,"<b>ANSWER:</b> No, never.<br><br>Even if you explicitly request `SET TRANSACTION ISOLATION LEVEL READ UNCOMMITTED;`, Postgres silently promotes it to `READ COMMITTED`. Due to MVCC implementation, Postgres fundamentally cannot read uncommitted dirty rows.",Architecture & Transactions,edb_postgres architecture mvcc dirty_read
What is the difference between `ON DELETE CASCADE` and `ON DELETE RESTRICT` on Foreign Keys?,<b>ANSWER:</b> Automatic child deletion vs blocking parent deletion.<br><br>• <code>CASCADE</code>: Deleting the parent row automatically deletes all matching child rows in related tables.<br>• <code>RESTRICT</code> (or `NO ACTION`): Throws a foreign key violation error and prevents deleting the parent row if child rows exist.,SQL Primer,edb_postgres sql foreign_keys constraints
What is `WITH CHECK OPTION` on a View?,"<b>ANSWER:</b> Prevents inserts or updates that would produce rows not visible in the view.<br><br><b>Example:</b> If a view is defined as <code>WHERE department = 'IT' WITH CHECK OPTION;</code>, an attempt to `INSERT INTO view VALUES ('HR')` will throw an error, preventing data that violates the view definition from being inserted.",SQL Primer,edb_postgres sql views with_check_option
What is the format and required Linux permissions for the `.pgpass` file?,"<b>ANSWER:</b> Format: `hostname:port:database:username:password`<br><br><b>Location:</b> `~/.pgpass` (or `%APPDATA%\postgresql\pgpass.conf` on Windows).<br><b>Required Permissions:</b> <code>chmod 0600 ~/.pgpass</code>.<br>If permissions allow group or world read access, Postgres client libraries will refuse to read the file for security reasons.",User Tools,edb_postgres tools pgpass authentication
What is `pg_service.conf` used for?,"<b>ANSWER:</b> Named connection profiles for Postgres clients.<br><br>Instead of specifying host, port, user, and dbname in connection strings, you define a named service in `pg_service.conf`:<br><code>[crm_prod]</code><br><code>host=10.0.0.5 port=5444 dbname=crm user=app</code><br>Clients connect simply via <code>psql service=crm_prod</code>.",User Tools,edb_postgres tools connection pg_service
Why should a DBA enable `track_io_timing`?,<b>ANSWER:</b> Measures exact disk read and write time in milliseconds.<br><br><b>In postgresql.conf:</b><br><code>track_io_timing = on</code><br><br>Adds I/O timing breakdown to `EXPLAIN (BUFFERS)` and `pg_stat_database`. Essential for determining whether slow queries are bottlenecked by CPU processing or slow storage disk latency.,Database Monitoring,edb_postgres monitoring io track_io_timing
What is `track_functions` in `postgresql.conf`?,<b>ANSWER:</b> Tracks execution count and time spent in PL/pgSQL stored procedures.<br><br>• <code>none</code> (default): Function calls are not timed.<br>• <code>pl</code>: Tracks execution times for procedural language functions.<br>• <code>all</code>: Tracks PL and SQL functions.<br>Data is visible in the <code>pg_stat_user_functions</code> system view.,Database Monitoring,edb_postgres monitoring track_functions plpgsql
What does the `pg_database` system catalog contain?,"<b>ANSWER:</b> Metadata for all databases in the cluster.<br><br>Key columns include:<br>• <code>datname</code>: Database name.<br>• <code>datdba</code>: Owner role OID.<br>• <code>encoding</code> & <code>datcollate</code>: Character set and collation rules.<br>• <code>datistemplate</code>: Whether it can be used as a template.<br>• <code>datallowconn</code>: If false, connections are rejected.",Storage & Catalogs,edb_postgres catalogs pg_database metadata
How do you view the full DDL definition of an existing index in SQL?,<b>ANSWER:</b> Query the `indexdef` column in `pg_indexes`.<br><br><b>The SQL:</b><br><code>SELECT indexdef <br>FROM pg_indexes <br>WHERE schemaname = 'public' AND tablename = 'orders';</code><br><br>Returns the complete `CREATE INDEX ...` statement including expression columns and WHERE clauses.,Storage & Catalogs,edb_postgres catalogs pg_indexes ddl
What is synchronous replication's `FIRST num (standby_names)` setting?,"<b>ANSWER:</b> Quorum-based synchronous commit across multiple standby nodes.<br><br><b>Example:</b><br><code>synchronous_standby_names = 'FIRST 2 (node1, node2, node3)'</code><br><br>Postgres waits for the first 2 standbys in priority order to confirm WAL write. Alternatively, `ANY 2 (node1, node2, node3)` uses a quorum model where ANY two confirmations unblock the commit.",Replication & HA,edb_postgres replication synchronous quorum
What is the purpose of `wal_keep_size` (formerly `wal_keep_segments`)?,<b>ANSWER:</b> Minimum volume of WAL logs retained in `pg_wal` for standbys.<br><br>Prevents the primary from deleting or recycling WAL segments before a standby has streamed them. (Note: Replication Slots are preferred because they dynamically retain exact WAL needed without fixed size caps).,Replication & HA,edb_postgres replication wal_keep_size wal
What is Logical Decoding in PostgreSQL?,"<b>ANSWER:</b> Extracting database changes from WAL into a user-friendly format (JSON, SQL, Avro).<br><br>Underlies Logical Replication, CDC (Change Data Capture) systems (like Debezium), and zero-downtime database migrations without relying on physical block replication.",Replication & HA,edb_postgres replication logical_decoding cdc
What is `hot_standby_feedback` in `postgresql.conf`?,"<b>ANSWER:</b> Informs the Primary server about active queries running on a Standby.<br><br>When queries run on a standby, if the Primary runs VACUUM and deletes old tuples that the standby query still needs, the standby query is abruptly canceled with a conflict error. `hot_standby_feedback = on` delays Primary vacuuming until standby queries finish.",Replication & HA,edb_postgres replication hot_standby_feedback conflicts
How do you extract a key value from a JSONB column in Postgres SQL?,"<b>ANSWER:</b> Using the `->` and `->>` operators.<br><br>• <code>data -> 'name'</code>: Returns value as JSON object/type.<br>• <code>data ->> 'name'</code>: Returns value as plain TEXT (essential for WHERE filters and sorting).<br>• <code>data #>> '{address, city}'</code>: Extracts nested path.",Advanced SQL,edb_postgres sql jsonb operators
What is the `GENERATE_SERIES()` function in Postgres?,"<b>ANSWER:</b> A set-returning function that produces an array/table of sequential values.<br><br><b>The SQL:</b><br><code>SELECT generate_series(1, 100); -- numbers 1 to 100</code><br><code>SELECT generate_series('2024-01-01'::date, '2024-01-31'::date, '1 day'::interval);</code><br>Frequently used for generating mock test data, date ranges, and filling reporting gaps.",SQL Primer,edb_postgres sql generate_series functions
What is the difference between `EXPLAIN` cost numbers `cost=0.00..45.00`?,"<b>ANSWER:</b> Startup Cost vs Total Cost.<br><br>• <code>0.00</code> (Startup Cost): Estimated cost to fetch the very first row. (e.g. 0 for Seq Scan, high for Sort or Hash Join).<br>• <code>45.00</code> (Total Cost): Estimated cost to return ALL matching rows from that plan node.",SQL Tuning,edb_postgres tuning explain cost
What is a Bitmap Index Scan in an EXPLAIN plan?,"<b>ANSWER:</b> A two-phase scan: Bitmap Index Scan followed by Bitmap Heap Scan.<br><br>1. <b>Bitmap Index Scan:</b> Scans index and constructs an in-memory bitmap array of target physical block pages.<br>2. <b>Bitmap Heap Scan:</b> Visited disk blocks sequentially using the bitmap, eliminating random page I/O and allowing multiple indexes to be combined via BitmapAnd / BitmapOr.",SQL Tuning,edb_postgres tuning bitmap explain
What is `statement_timeout` vs `idle_session_timeout` in Postgres 14+?,"<b>ANSWER:</b> Active query duration vs completely idle connection duration.<br><br>• <code>statement_timeout</code>: Terminates any single statement that exceeds time limit while executing.<br>• <code>idle_session_timeout</code>: Closes any connection that sits idle (doing nothing) for longer than the threshold, automatically reaping orphaned connection leaks.",Configuration,edb_postgres config timeouts connections
"What is a HOT (Heap-Only Tuple) update, and why is it crucial for performance?","<b>ANSWER:</b> Updating a row without modifying any indexed columns, keeping the new tuple on the same 8KB page.<br><br>• <b>How it works:</b> Instead of updating every index on the table, Postgres points the old tuple directly to the new tuple on the same page. Index pointers remain untouched.<br>• <b>Benefit:</b> Drastically reduces write I/O and completely eliminates index bloat.",Engine Internals,edb_postgres internals hot_update vacuum
Why does adding an index on a frequently updated column kill HOT updates?,"<b>ANSWER:</b> Because HOT requires that NO indexed column is modified by the UPDATE statement.<br><br>If even a single indexed column is altered, Postgres is forced to perform a traditional update: inserting the new tuple AND creating new pointer entries in EVERY index on the table, multiplying write I/O and bloat.",Engine Internals,edb_postgres internals hot_update indexing
How does setting table `fillfactor` enable HOT updates?,"<b>ANSWER:</b> Reserves empty space inside each 8KB data page during initial INSERTs.<br><br><b>The SQL:</b><br><code>ALTER TABLE orders SET (fillfactor = 70);</code><br><br>By default, fillfactor is 100% (pages packed completely). Lowering it to 70–80% reserves 20–30% free space on every page for future UPDATEs, guaranteeing room for HOT updates on the same page.",Engine Internals,edb_postgres internals fillfactor hot_update
What are the Visibility Map (`.vm`) and Free Space Map (`.fsm`) files?,<b>ANSWER:</b> Auxiliary storage files maintained alongside each table fork.<br><br>• <b>Visibility Map (`_vm`):</b> 2 bits per page. Bit 1: 'All-visible' (enables Index-Only Scans and lets VACUUM skip clean pages). Bit 2: 'All-frozen' (lets aggressive freeze vacuum skip pages).<br>• <b>Free Space Map (`_fsm`):</b> A binary tree tracking available bytes per page so INSERTs instantly find a target page without scanning.,Engine Internals,edb_postgres internals fsm vm storage
"What are 'Hint Bits' in a Postgres tuple header, and why do SELECTs generate write I/O?","<b>ANSWER:</b> Status flags (`HEAP_XMIN_COMMITTED`, `HEAP_XMAX_INVALID`) stamped directly on tuple headers.<br><br>When a transaction commits, Postgres marks WAL, not the row headers. The first query (even a `SELECT`) that visits those rows must check `pg_xact` to see if the creating transaction committed, and then 'stamps' the hint bits on the page, turning the page dirty and requiring a disk write.",Engine Internals,edb_postgres internals hint_bits mvcc io
What is the `pageinspect` extension used for?,"<b>ANSWER:</b> Inspecting raw disk page contents, tuple headers, and index internals using SQL.<br><br><b>The SQL:</b><br><code>CREATE EXTENSION pageinspect;</code><br><code>SELECT * FROM heap_page_items(get_raw_page('users', 0));</code><br><br>Reveals internal fields: `t_xmin`, `t_xmax`, `t_ctid`, `t_infomask`, and dead tuple fragmentation directly on disk.",Engine Internals,edb_postgres internals pageinspect forensics
How does Postgres detect silent data corruption on disk using Data Checksums?,"<b>ANSWER:</b> Storing an internal CRC checksum in every 8KB page header.<br><br>• <b>Enable:</b> At `initdb -k` time, or offline using <code>pg_checksums -e -D /path/to/data</code>.<br>• <b>Detection:</b> When Postgres reads a page from disk, it recalculates the checksum. If bit rot or controller corruption altered the page, it immediately throws a fatal error rather than returning corrupt data.",Disaster Recovery,edb_postgres corruption checksums storage
What is `pg_upgrade --link` and why is it revolutionary for multi-terabyte upgrades?,"<b>ANSWER:</b> Upgrades major Postgres versions in seconds using OS hard links.<br><br>Instead of copying terabytes of data files to the new cluster (which takes hours/days), `--link` creates filesystem hard links pointing to the existing physical files. An 8TB database can be upgraded in <b>under 1 minute</b>.",Database Upgrades,edb_postgres upgrade pg_upgrade link
What is the primary risk of using `pg_upgrade --link`?,"<b>ANSWER:</b> You cannot revert back to the old cluster once the new cluster starts modifying data.<br><br>Because both clusters share the exact same physical inodes on disk, any write to the new cluster permanently alters the old cluster's data files. Always take a pre-upgrade backup or filesystem LVM/ZFS snapshot.",Database Upgrades,edb_postgres upgrade pg_upgrade risk
What step must a DBA always run before executing `pg_upgrade`?,"<b>ANSWER:</b> Run the check mode: `pg_upgrade --check`.<br><br><b>The Command:</b><br><code>pg_upgrade -b /usr/edb/as16/bin -B /usr/edb/as17/bin -d /data16 -D /data17 --check</code><br><br>Verifies schema compatibility, data types, shared libraries, and tablespace paths with zero risk or downtime.",Database Upgrades,edb_postgres upgrade pg_upgrade check
What post-upgrade tasks must immediately be executed after `pg_upgrade` completes?,"<b>ANSWER:</b> Regenerate optimizer statistics and clean old files.<br><br>1. Run the generated script: <code>./vacuumdb --all --analyze-in-stages</code> (fast preliminary stats so initial queries don't hang).<br>2. Rebuild extension control files.<br>3. When satisfied, run <code>./delete_old_cluster.sh</code> to reclaim storage.",Database Upgrades,edb_postgres upgrade vacuumdb statistics
How do you achieve near-zero downtime during a major version upgrade using Logical Replication?,"<b>ANSWER:</b> Replicate live data between old and new version clusters concurrently.<br><br>1. Stand up new cluster running newer version (e.g. PG17).<br>2. Replicate schemas and establish Logical Replication from PG15 -> PG17.<br>3. Once lag hits 0ms, pause app writes briefly, sync sequences (`setval`), repoint connection pooler to PG17, and resume. Downtime is under 10 seconds.",Database Upgrades,edb_postgres upgrade logical_replication zero_downtime
Why must sequences be manually synchronized after upgrading via Logical Replication?,"<b>ANSWER:</b> Logical replication copies table data (INSERT/UPDATE/DELETE), NOT sequence values.<br><br>Because `nextval` calls on the publisher are not replicated across logical streams, sequence counters on the subscriber remain at initial values, causing subsequent INSERTs to fail with duplicate key violations.",Database Upgrades,edb_postgres upgrade logical_replication sequences
What is the `amcheck` extension and how do you verify index integrity?,"<b>ANSWER:</b> Validates logical and physical consistency of B-Tree index structures.<br><br><b>The SQL:</b><br><code>CREATE EXTENSION amcheck;</code><br><code>SELECT bt_index_check(c.oid, true) FROM pg_index i JOIN pg_class c ON c.oid = i.indexrelid;</code><br><br>Detects corrupted index pages, out-of-order keys, and structural damage before queries fail.",Disaster Recovery,edb_postgres corruption amcheck indexing
What is `pg_resetwal` (formerly `pg_resetxlog`) and why is it called the 'nuclear option'?,"<b>ANSWER:</b> Forces a corrupt, unstartable Postgres database to start by wiping WAL logs.<br><br>• <b>What it does:</b> Clears the write-ahead log and resets transaction IDs.<br>• <b>Severe Consequence:</b> Destroys transaction consistency. Rows committed right before the crash are orphaned, and indexes may point to non-existent data.<br>• <b>Rule:</b> Only use when no backup exists. Immediately `pg_dumpall`, re-initdb, and reload.",Disaster Recovery,edb_postgres corruption pg_resetwal disaster
What 3 configuration settings are required for Point-In-Time Recovery (PITR)?,"<b>ANSWER:</b> `restore_command`, target criteria, and `recovery_target_action`.<br><br>1. <code>restore_command = 'cp /mnt/wal_archive/%f %p'</code><br>2. <code>recovery_target_time = '2026-09-03 00:00:00 EST'</code><br>3. <code>recovery_target_action = 'promote'</code> (promotes DB to read/write when target is reached).<br>Triggered by placing an empty `recovery.signal` file in `$PGDATA`.",Disaster Recovery,edb_postgres backup pitr config
What does the `pg_archivecleanup` utility do?,"<b>ANSWER:</b> Cleans up obsolete WAL files from an archive directory.<br><br>Used with `archive_cleanup_command` on standbys or in backup automation scripts to remove WAL segments older than the current standby restart point, preventing archived WAL disks from running out of space.",Disaster Recovery,edb_postgres backup pg_archivecleanup wal
What is STONITH ('Shoot The Other Node In The Head') in High Availability clusters?,"<b>ANSWER:</b> Automated fencing that forcefully cuts power to a failed primary node.<br><br>In HA architectures (like Patroni or Pacemaker), before a standby is promoted to primary, it must guarantee the old primary cannot accept writes (preventing Split-Brain). STONITH utilizes IPMI/iLO hardware controllers to reboot or kill the old node.",High Availability,edb_postgres ha stonith split_brain
What is Data Redaction (`DBMS_REDACT`) in EDB Postgres Advanced Server?,"<b>ANSWER:</b> Dynamic on-the-fly masking of sensitive data returned by SELECT queries.<br><br>Physical table data remains unaltered and encrypted on disk. However, when non-exempt users query columns (e.g. Credit Card numbers), the data is masked (Full, Partial: `****-****-****-1234`, Random, or Regular Expression) based on application user role.",EDB Advanced Security,edb_postgres epas security dbms_redact
What is `edb_sql_protect` and what are its three operation modes?,<b>ANSWER:</b> Built-in engine protection against SQL Injection attacks.<br><br>• <code>passive</code>: Logs SQL injection attempts to server log without blocking.<br>• <code>learn</code>: Records queries executed by trusted applications into a protected profile whitelist.<br>• <code>active</code>: Actively aborts and blocks any unauthorized query structure not on the learned profile.,EDB Advanced Security,edb_postgres epas security edb_sql_protect
What is Virtual Private Database (`DBMS_RLS`) in EDB Postgres?,"<b>ANSWER:</b> Fine-grained row-level security implemented via security policies.<br><br>A security function dynamically appends a SQL `WHERE` clause (predicate) to queries executed on a table, transparently restricting users to only viewing rows belonging to their tenant, department, or clearance level.",EDB Advanced Security,edb_postgres epas security dbms_rls vpd
What is an Autonomous Transaction in EDB Postgres (`PRAGMA AUTONOMOUS_TRANSACTION`)?,"<b>ANSWER:</b> A separate sub-transaction that can COMMIT independently of the parent transaction.<br><br>If a main business transaction fails and ROLLBACKs, an autonomous block inside a trigger or procedure can still successfully COMMIT audit logs or failure records without being undone.",EDB Advanced Server,edb_postgres epas plsql autonomous_transaction
What is the EDB `wrap` utility used for?,"<b>ANSWER:</b> Encrypting and obfuscating proprietary PL/SQL and SPL source code.<br><br><b>Command:</b><br><code>wrap -f my_package.sql -o my_package.wrap</code><br><br>Converts cleartext stored procedures, functions, and packages into encrypted bytecode, protecting intellectual property from being viewed in system catalogs (`pg_proc`).",EDB Advanced Security,edb_postgres epas security wrap obfuscation
How does EDB Postgres enforce Password Profiles (`CREATE PROFILE`)?,"<b>ANSWER:</b> Enforcing enterprise password policies at the database engine level.<br><br><b>The SQL:</b><br><code>CREATE PROFILE app_profile LIMIT PASSWORD_LIFE_TIME 90 FAILED_LOGIN_ATTEMPTS 3 PASSWORD_REUSE_MAX 5;</code><br><br>Assigns account expiration, failed login lockouts, and prevents password reuse.",EDB Advanced Security,edb_postgres epas security profiles passwords
What are EDB Session Tags in `edb_audit`?,"<b>ANSWER:</b> Custom tracking metadata injected into audit log records.<br><br>Allows applications to stamp web session IDs, client proxy IPs, or end-user identity into EDB audit trails via <code>SET edb_audit.session_tag = 'user_9921';</code>, linking backend database operations to real frontend users.",EDB Advanced Security,edb_postgres epas auditing session_tags
Why must Linux `vm.overcommit_memory` be set to 2 on Postgres database servers?,"<b>ANSWER:</b> Prevents the Linux OS Out-Of-Memory (OOM) Killer from terminating Postgres backends.<br><br>• Default (`0`): Linux overcommits RAM, hoping processes won't use all allocated virtual memory. When RAM is exhausted, the OS suddenly kills the `postgres` postmaster.<br>• Setting `2`: OS refuses allocations that exceed `Swap + (RAM * overcommit_ratio)`, ensuring Postgres receives clean allocation failures rather than sudden OS SIGKILL terminations.",OS Tuning,edb_postgres os_tuning linux oom overcommit
What is the comprehensive formula to estimate maximum potential Postgres RAM usage?,"<b>ANSWER:</b> Total RAM = `shared_buffers + (max_connections * (work_mem * active_operators + temp_buffers)) + maintenance_work_mem`.<br><br>Because `work_mem` is allocated per sort/hash node (a single complex query can allocate 5x `work_mem`), setting high `max_connections` with large `work_mem` easily causes catastrophic memory exhaustion.",Performance Tuning,edb_postgres tuning memory formula oom
What is the rule of thumb for configuring Parallel Query workers in `postgresql.conf`?,"<b>ANSWER:</b> Three-tier worker hierarchy based on CPU cores.<br><br>• <code>max_worker_processes</code>: Global cap for all background workers (logical replication, parallel queries). Set to CPU core count.<br>• <code>max_parallel_workers</code>: Cap dedicated to parallel query execution (e.g. 75% of CPU cores).<br>• <code>max_parallel_workers_per_gather</code>: Max workers assigned to a single query plan (typically 2 to 4).",Performance Tuning,edb_postgres tuning parallel_query workers
Why does setting `max_connections = 5000` severely degrade throughput even with ample RAM?,"<b>ANSWER:</b> CPU context switching and lock contention on internal structures (like `ProcArrayLock`).<br><br>Every process connection must scan global lock arrays. Benchmarks show that routing 5,000 connections through PgBouncer into <b>100–200 active Postgres backend connections</b> yields 3x–5x higher query throughput than connecting 5,000 clients directly.",Performance Tuning,edb_postgres tuning connections procarraylock pgbouncer
How do you calculate the exact number of Linux Huge Pages (`vm.nr_hugepages`) for Postgres?,<b>ANSWER:</b> Divide `shared_buffers` by Huge Page size (usually 2MB) + safety buffer.<br><br><b>Formula:</b><br><code>nr_hugepages = (shared_buffers_bytes / 2097152) + 100</code><br><br>Configured in `/etc/sysctl.conf`. Vastly reduces TLB (Translation Lookaside Buffer) cache misses in CPU memory management for large shared memory pools.,OS Tuning,edb_postgres os_tuning huge_pages memory
What Linux dirty page writeback settings prevent system-wide I/O freezing during heavy write bursts?,"<b>ANSWER:</b> `vm.dirty_background_ratio = 5` and `vm.dirty_ratio = 10`.<br><br>Linux defaults (e.g. 20–30%) allow gigabytes of dirty pages to accumulate in RAM before forcing a synchronous flush, which locks the storage subsystem and stalls database transactions. Lowering these ratios forces smooth, continuous background flushing.",OS Tuning,edb_postgres os_tuning linux io dirty_ratio
What is the Linux kernel semaphore requirement for Postgres (`kernel.sem`)?,"<b>ANSWER:</b> Minimum IPC semaphores required for process concurrency.<br><br><b>Recommended:</b> <code>sysctl -w kernel.sem=""250 32000 100 128""</code><br><br>Defines `semmsl` (max semaphores per array), `semmns` (max system-wide semaphores), `semopm` (max operations per semop call), and `semmni` (max semaphore sets). Insufficient semaphores prevent Postgres from starting.",OS Tuning,edb_postgres os_tuning semaphores kernel
What is the uto_explain module and how is it used in production?,<b>ANSWER:</b> Automatically logs execution plans of slow queries to the server log.<br><br><b>Configuration in postgresql.conf:</b><br><code>shared_preload_libraries = 'auto_explain'</code><br><code>auto_explain.log_min_duration = 5000</code><br><code>auto_explain.log_analyze = on</code><br>Captures actual execution plans with buffers for any query exceeding 5s in production without requiring code changes.,Database Monitoring,edb_postgres monitoring auto_explain explain
What does the checkpoint_warning parameter indicate when triggered?,"<b>ANSWER:</b> Alerts that checkpoints are happening too frequently due to WAL volume.<br><br>If checkpoints caused by filling WAL segments occur closer together than checkpoint_warning (default 30s), a warning is logged. This is a direct signal to the DBA to increase max_wal_size and min_wal_size to prevent I/O thrashing.",Performance Tuning,edb_postgres tuning checkpoint max_wal_size
What is the pg_stat_kcache extension?,"<b>ANSWER:</b> Measures CPU and OS-level physical disk I/O statistics per query.<br><br>While pg_stat_statements tracks Postgres-level metrics, pg_stat_kcache gathers OS kernel resource usage: user CPU time, system CPU time, disk reads/writes from storage controllers, and page faults (minor and major).",Database Monitoring,edb_postgres monitoring extensions pg_stat_kcache
